BranchAddress,Outcome
28195,0
61137,1
54517,1
51127,1
61850,0
8343,1
34768,0
42110,1
44142,0
49480,0
28966,0
58109,0
37920,0
56248,1
21492,1
18511,1
24741,1
37073,0
34749,0
36031,1
58491,1
11677,0
1609,1
61878,1
1807,0
52074,1
19826,0
54371,1
5074,0
36498,0
3299,0
16255,1
51370,1
19480,0
30575,0
59405,0
28608,1
52232,1
25983,0
19080,1
52570,0
61316,1
16083,1
32693,1
55319,0
26185,0
60631,1
52746,1
24688,0
65040,1
15816,0
27783,0
27373,0
2666,0
52434,0
36739,1
22749,0
9220,1
51828,1
40710,1
19284,1
43826,1
30609,1
35082,1
4817,1
2803,1
62577,0
7675,1
6822,1
65441,1
56776,0
4837,0
14417,0
33145,1
17770,0
15567,0
24793,0
62623,0
6388,1
49198,0
45567,1
50868,0
2436,0
4398,1
60638,0
26869,0
10563,1
35452,1
50104,0
1385,0
8039,1
56564,0
18877,0
23235,1
16752,1
58862,0
21924,0
12075,0
56324,1
3738,1
42266,0
23409,0
43046,0
60493,0
59950,0
6295,1
12420,0
50608,0
64216,1
51074,0
4890,0
49103,0
30714,1
58395,0
49771,1
16396,0
43361,1
59104,0
41543,1
8453,1
40563,0
41705,0
9978,0
8567,1
12831,1
52577,0
34333,0
2524,0
54511,1
29473,1
30923,1
40679,0
28459,0
57618,0
28067,1
43663,1
42112,1
11740,0
9869,1
8111,0
29636,1
51457,1
39792,1
20207,1
23034,0
39335,1
2564,1
38857,0
32116,0
34592,1
30461,0
2772,1
22006,1
57211,1
54088,0
59285,0
11117,0
49789,1
44925,1
855,1
56296,1
54363,0
59158,1
60604,0
28169,1
64012,0
3486,0
57960,1
41951,1
26529,0
64580,1
40138,0
14291,1
44547,1
57339,0
17408,0
33276,1
9095,0
55214,0
4260,1
501,0
34253,1
46423,1
37762,0
21894,1
52802,0
12330,0
3704,0
54791,0
715,0
34914,0
17096,0
37062,1
41091,1
64978,0
61543,0
8627,1
34334,0
48365,1
25143,0
1390,0
59957,1
32756,1
27938,0
44214,0
61578,0
2722,0
24373,1
2354,0
19134,1
35898,0
41902,0
29430,0
27299,0
2460,0
49843,1
20793,1
151,0
63183,0
29642,0
1697,1
44980,1
9779,1
60453,1
56481,0
31521,1
23845,0
43938,0
22886,1
36065,0
18852,0
21585,1
37898,1
30581,1
16293,1
51158,1
60033,0
33242,0
61471,1
58690,0
16230,1
37860,0
35067,1
65335,0
28285,0
62783,0
23353,0
42480,1
25694,1
13583,0
16212,0
62921,0
6847,1
49436,0
1881,0
61768,1
7272,0
2404,1
28540,1
5207,1
30909,1
34047,1
3360,0
48779,0
37437,0
7449,0
3063,1
51663,1
59591,0
65495,0
4066,0
47597,1
10458,0
48155,0
39298,1
57720,0
322,0
11764,0
8712,0
44429,1
5096,1
58065,1
21251,1
16692,1
46809,0
48355,1
54573,1
41438,0
20197,0
28242,0
19912,1
65036,1
35422,1
57419,1
51813,1
49063,0
50285,0
22889,0
6475,1
29145,0
62317,0
38156,0
14480,1
35983,1
8197,0
38077,1
29460,0
26999,0
32160,0
566,0
14166,1
34647,0
14693,0
62985,1
2290,0
51324,1
662,0
29194,1
14955,1
40115,1
52193,0
48743,1
11582,0
56990,0
61017,0
37942,1
2816,0
6995,0
6986,1
42198,1
10987,1
28380,1
6842,0
17589,0
29749,0
30923,0
46042,1
222,1
47484,1
4592,1
12782,1
16209,1
55060,1
6778,0
37962,1
14550,1
52727,0
64563,0
40997,1
13941,1
57887,0
937,1
64579,1
57795,0
9064,0
23325,0
17705,0
63791,1
55565,1
2088,0
50519,0
63461,1
38199,0
26285,1
59719,1
57334,1
29604,0
6002,1
29040,1
12309,0
18792,0
33448,0
23794,1
26096,1
40901,1
47013,0
33820,0
12810,1
39473,1
9520,0
36274,0
50330,1
10568,0
3006,0
5832,1
25738,0
28209,1
35437,0
53933,1
35199,0
31092,1
60762,1
33205,1
32211,1
9076,0
5546,0
26638,1
23572,0
14733,1
58012,0
20680,1
3357,1
29100,1
55398,0
38813,0
680,1
12352,1
27592,0
10112,0
6391,1
1899,0
933,1
7457,1
52674,1
35988,1
53928,0
13257,0
26305,1
44777,1
8640,1
42419,0
34019,0
52407,1
55952,0
54928,1
7972,0
15866,0
53725,0
1704,1
12118,0
43861,0
57873,1
27385,0
34453,0
38690,0
9395,1
22523,0
17007,0
42617,1
18519,1
35578,0
4625,1
48990,1
55561,1
1231,0
13304,0
18861,1
38331,0
61455,1
42631,0
65268,1
10321,0
49190,0
32888,0
37798,1
29215,0
2223,0
19504,1
52023,1
18281,1
31625,0
14015,0
22313,0
51895,0
41797,1
45023,1
22656,1
55338,1
44436,0
55003,0
2818,0
15731,0
24468,1
53401,1
28330,0
27340,0
11455,0
64253,1
14936,0
10298,0
40191,1
21392,0
44686,1
18982,0
48846,1
13021,1
20062,0
25537,0
48836,1
42677,1
27016,0
63411,1
40263,1
44533,0
57356,1
42982,1
45350,0
11429,0
8686,1
51041,1
63021,1
61648,0
7573,0
5248,1
36310,0
31020,0
9311,1
42511,0
49334,1
35664,1
34513,0
21803,0
21582,1
23721,0
22753,1
11905,1
2382,1
13653,1
59792,0
17477,1
20744,1
29380,1
30792,1
31981,0
3689,1
43610,0
35734,1
37311,1
11619,0
2886,0
46556,1
51407,0
20307,0
26619,1
38109,1
9902,1
43407,1
28124,1
64703,1
41649,0
1287,1
40401,1
45588,0
16771,1
38050,0
7639,0
28035,1
10115,0
37037,0
13122,1
46378,1
13167,1
16291,1
55351,0
10858,0
16501,1
57302,1
4078,1
29978,0
2717,1
12377,1
384,0
17435,0
5710,0
57165,1
23240,0
44292,0
62261,1
3675,0
30821,0
1477,1
33969,1
204,1
61451,0
4582,1
43740,1
65321,1
38003,1
28206,1
60863,0
62988,0
19791,0
17451,0
19482,1
21959,1
8526,1
54479,0
46957,1
56851,0
41120,1
54774,0
46015,1
36895,1
49362,1
46404,1
29558,1
47595,0
37419,0
49285,1
6892,1
13718,0
43514,0
4474,0
38862,0
59855,1
20426,0
19482,1
42323,0
22013,0
58362,0
50066,0
53570,0
48671,1
37827,1
11095,1
24084,1
35849,0
19984,1
14720,0
52888,0
12142,0
64811,0
51984,0
27743,0
2734,1
35983,1
38640,1
49287,1
43423,0
20874,1
14994,0
32509,0
36599,0
15773,0
21865,1
49909,1
43707,1
1187,1
37070,1
16299,1
3411,0
19487,1
3427,0
42894,1
15863,1
59006,0
8362,0
6898,0
13892,1
55953,1
61465,1
10833,0
21331,1
41553,0
40186,1
52560,0
37973,0
20947,0
19648,0
16710,0
64885,0
31815,1
2103,0
43990,1
5125,0
19523,0
56853,0
45992,1
37425,0
46218,0
21482,1
29602,1
45661,0
30336,0
18664,1
47729,1
27193,1
32034,1
48282,1
11346,0
8691,1
20935,1
52836,1
55723,1
466,0
40046,0
63506,0
27474,0
44921,0
62604,1
41131,1
47030,0
20898,1
57790,0
57684,1
15636,1
26332,1
8253,1
35531,1
59320,0
56948,1
37856,1
40701,0
56286,1
19404,0
21706,0
53123,1
54401,1
6442,0
8501,0
5123,0
14152,0
8936,1
31853,1
9786,0
28275,1
29050,0
11090,0
1721,1
39292,0
60568,1
53798,0
47147,1
63716,0
1402,0
50456,1
57428,1
62662,1
59687,1
61490,0
60163,0
44801,0
29120,0
21567,1
8223,0
14960,0
56419,0
34941,1
14088,1
17427,0
48919,0
14146,1
50812,0
28644,1
3833,0
18672,0
22949,0
50172,0
16652,1
56808,1
33355,1
34217,0
38030,1
64731,0
18906,1
17166,0
43979,1
23323,1
48086,0
51931,0
3128,1
32394,1
21833,1
10461,0
25801,0
40284,1
31261,1
37442,0
31810,0
8037,1
33294,0
33934,0
6300,1
64946,0
9890,1
47521,1
17362,1
40117,0
31558,0
3324,0
44178,0
58974,1
44340,1
34866,1
57265,1
57924,0
61786,0
54463,0
57647,0
58047,0
39025,0
63289,1
28992,0
15504,0
9739,1
8447,1
33379,0
16493,0
52935,0
64919,0
38631,1
57024,1
4122,1
11314,0
64907,0
17397,1
52240,0
60401,1
7839,1
22769,1
16876,0
26427,1
49924,1
25785,0
21897,1
47245,0
10194,1
55745,0
44711,0
30612,1
61697,0
54901,0
55740,1
47423,1
34650,0
7665,1
11358,0
35610,1
22856,1
49925,1
5304,1
62499,0
12562,0
18786,1
27904,0
42211,0
55070,0
56114,0
42132,0
37286,1
63086,1
9052,1
51993,1
44590,0
14101,0
63021,1
9706,1
36792,0
8026,0
59482,1
34271,1
44758,0
43464,1
27717,1
47791,0
57711,1
20754,0
21004,1
40843,0
45807,0
44092,1
16161,0
61096,0
18283,0
4598,0
1970,1
6090,0
17610,0
60440,0
5534,1
57896,0
59757,1
41601,0
14618,0
28523,1
20632,0
29643,0
15521,0
11841,0
55391,1
29559,0
60257,0
47544,1
58757,0
10744,0
46685,0
10513,1
41847,1
16774,0
4573,0
39690,0
16929,1
62424,1
28620,0
17229,0
28773,1
21452,0
19845,0
581,0
38877,1
55224,0
3852,0
37451,0
51245,0
21267,1
23472,0
7684,1
51020,1
43905,1
3461,1
55047,1
63144,1
53093,0
51063,0
28,1
12821,0
42076,0
32819,0
40769,0
15699,1
22389,0
50735,0
58274,1
61269,0
33557,0
57734,1
50434,1
20133,1
39670,0
10196,1
42851,1
30683,0
2634,0
62714,1
42796,1
1208,0
15000,1
44479,0
5421,1
5308,0
32365,0
24196,0
63623,0
62390,1
5604,1
567,0
8260,1
55008,0
53200,0
45453,0
4780,0
13281,1
62519,1
45598,1
4186,0
46749,1
18459,0
30097,1
30017,0
22259,1
15347,1
10995,1
6604,0
37582,0
12034,1
9700,0
41207,1
51382,1
39427,0
43745,1
4286,0
18331,1
42430,1
53667,0
3394,1
59687,0
14751,0
5009,0
35443,1
20530,1
26126,0
32974,0
36681,1
2534,0
26119,1
40750,1
29561,1
15017,1
57474,1
12192,0
63143,0
28929,1
29673,0
27274,0
14977,1
29084,0
16606,0
48878,1
9400,1
41672,1
54984,1
52914,1
52802,1
9394,0
9297,1
20128,0
39908,0
38633,1
26416,1
36489,1
19988,1
18404,1
46787,1
14550,0
4110,0
51387,1
40565,0
9101,1
45138,0
13639,1
17248,1
37664,0
23013,1
37625,1
64308,0
48599,1
23607,1
33622,0
14872,0
19415,0
43997,0
60381,0
60164,0
1857,1
10969,1
27735,0
498,0
53436,1
43090,0
16316,1
41484,1
8163,1
53201,0
12255,1
35264,1
6802,0
38957,0
31659,0
26379,0
26103,1
52647,0
22998,0
64185,1
17467,1
5762,1
50523,1
14833,0
23127,1
13533,1
4679,1
7623,1
9896,1
64167,0
44241,0
5674,1
49401,1
10077,1
43986,0
49568,1
55744,0
6481,0
34681,1
13775,1
39632,0
36449,1
53540,1
31618,0
10405,1
24187,0
57300,1
51725,0
44818,0
14737,0
23465,0
12484,0
49205,1
24598,0
13795,0
8201,0
23918,1
38319,1
19357,1
13780,1
14288,0
30742,0
33996,1
45108,1
59465,0
45150,1
23846,1
36422,0
39303,0
34271,0
15014,0
468,1
11961,1
43495,0
37534,0
28589,0
14814,1
41640,0
39487,0
27505,1
28787,1
52785,0
53397,0
59606,0
38690,0
36662,1
24276,1
9572,0
9728,0
59176,1
12688,0
768,0
23008,0
29035,1
27302,0
63162,0
55260,0
15591,0
13526,1
55014,0
13420,0
33414,0
45429,1
48888,0
42206,0
11974,0
16372,0
35736,0
14694,1
51348,1
49499,0
7427,1
31049,0
31861,0
26847,1
15074,1
15928,0
65358,0
39795,1
54493,0
37786,0
34723,1
31477,0
9878,0
54329,0
1546,1
36380,0
49835,0
58509,0
18227,0
36937,1
18920,0
31374,1
55884,0
34928,1
1484,0
61481,0
62244,1
57494,1
8321,0
22732,0
46055,1
58525,0
56613,1
44861,1
47611,0
32702,1
3558,1
50956,0
62507,1
11877,0
9827,1
1696,1
63097,1
37544,0
34997,0
53736,1
16679,1
23333,1
45791,1
2399,0
37690,0
7648,1
34579,0
63492,1
44203,0
59942,1
28136,0
42228,1
8709,1
30546,0
34622,1
51530,0
35342,1
59465,0
54107,0
61229,0
33021,1
44278,0
24396,0
65023,1
46081,0
54603,1
13825,1
29720,1
20457,1
21052,1
3964,0
53132,0
42360,0
18084,1
42330,0
33982,0
38928,1
11371,0
10843,0
17313,1
31144,1
51554,1
3755,0
30639,1
36698,1
25090,0
20758,0
36804,1
17864,1
25271,1
16432,0
22882,0
6440,0
18763,1
8560,1
22924,1
8745,1
63343,0
22440,0
9027,0
57574,1
10242,1
2861,1
48309,0
47256,1
39019,0
7605,0
43044,0
44449,1
26677,1
25844,1
8982,0
48804,1
56985,1
9857,0
54335,1
9258,0
42411,1
16751,1
29714,1
53169,0
26973,0
24754,1
55050,0
28705,0
18317,0
17721,0
31919,1
37398,1
4871,1
15635,1
65188,0
11955,1
17327,1
23198,0
18249,0
3286,1
8445,1
50304,0
52979,0
28129,1
47112,1
5331,0
16811,1
30505,1
26447,1
42798,0
51335,1
57014,1
32222,1
4609,1
47026,0
50807,1
25565,0
52576,1
47658,0
29820,0
44433,1
9587,1
53784,0
64347,1
2691,0
23379,1
51794,1
32152,1
20458,1
33410,0
15935,1
14922,0
4868,1
42503,1
38440,1
58058,1
10838,1
46626,1
47521,1
21816,1
29921,0
8631,0
60582,1
14040,1
63741,0
32659,1
29941,1
22072,1
30540,1
46828,1
6028,1
62222,1
4560,1
11568,1
39322,1
26349,1
64880,1
7842,0
19999,1
22363,1
32849,1
49884,1
26047,0
12218,1
10928,1
28939,1
12065,0
46576,1
61803,0
43139,1
43985,1
2794,0
24185,1
63159,0
11891,0
47444,1
7611,1
63681,0
19490,1
28435,0
28707,1
43052,1
28919,1
23819,1
9641,1
35721,1
51020,0
54831,1
53850,1
6681,0
27951,0
19980,1
20528,0
19030,0
23838,0
9862,0
62552,0
47137,1
2999,0
42798,0
15045,1
39184,0
10978,0
32763,1
8088,1
4615,1
41566,1
24677,1
27917,0
23419,1
53025,1
29831,0
60965,1
14842,0
49625,1
39889,1
25778,0
40597,0
20601,1
58112,0
16641,1
49678,0
58798,0
64605,1
36209,1
41265,0
14110,1
26283,1
43744,1
45070,0
35983,1
38646,1
8357,0
44135,1
8210,1
50972,0
13051,1
36993,0
59706,0
33784,0
6105,1
45543,0
32158,1
8043,1
14280,0
3669,0
63364,1
14898,0
35972,1
17909,0
56806,0
8739,1
56845,0
29503,1
51013,0
31895,1
50674,1
41254,1
24442,1
23203,1
7360,0
38669,0
64957,1
2664,0
4661,0
39695,1
37305,0
33109,1
5357,0
31103,0
2322,0
45254,1
28163,0
14736,1
31649,0
7656,1
46682,1
16834,1
2294,0
18276,1
1585,0
27253,0
26395,0
52899,0
16535,0
42733,0
22844,0
13177,0
486,0
39861,1
30901,1
50755,0
46259,1
9315,1
8971,0
34042,0
14246,0
32666,1
8492,0
22901,1
12099,0
17706,1
51892,1
43611,1
25390,1
37516,0
16783,0
52570,0
34540,1
24310,0
5421,0
37691,1
64416,1
49005,1
1951,1
44586,0
17640,0
34723,0
5869,1
3025,0
30647,0
40147,1
65092,1
60704,0
65261,0
5648,0
4314,1
42493,0
62992,1
38283,0
19141,0
51043,0
22489,0
17612,0
2097,1
38563,0
46784,0
50005,0
35997,0
5256,1
22214,1
37191,0
49365,1
3581,1
47993,0
14443,0
36339,0
32201,1
3001,1
41721,0
52223,0
21563,1
17333,0
9646,0
30956,0
11165,1
21225,0
49191,1
13010,1
28534,0
7688,0
19700,0
1639,0
16714,0
2077,0
55188,1
27885,1
1906,0
5787,0
52860,0
8301,1
44741,0
39894,1
41846,0
45815,1
41791,0
30291,0
12800,1
15650,1
14232,1
30156,0
54571,1
45573,1
9243,0
42470,1
46221,1
53987,0
50452,1
19500,1
15728,0
12289,1
8768,0
37257,1
56303,0
38075,1
20659,0
13314,0
10676,0
1399,1
63938,0
29620,1
60575,1
10443,1
48442,0
7346,0
50954,0
5957,1
2018,1
1559,0
31681,1
55881,1
63787,1
40887,0
32854,0
57709,0
15053,1
3024,1
50465,1
45365,1
21812,0
3174,1
19497,0
44380,1
51950,1
35500,0
23078,1
61394,1
60690,0
60424,0
18564,1
60552,1
17356,1
33879,1
61834,0
65450,1
16153,1
38258,0
39056,1
63986,0
29302,0
9396,1
55310,0
56458,0
43604,0
44494,1
55713,1
52111,0
44143,0
26569,1
34714,0
59199,0
25137,1
34944,1
46079,0
18926,1
51533,1
54019,1
28152,1
5342,1
39803,1
33425,0
23412,1
6105,1
5531,0
34044,1
11704,0
11391,0
44109,1
12761,0
23289,1
38110,0
61040,0
29488,1
28599,1
10017,0
7109,0
60118,1
42251,0
3994,0
22886,1
38951,0
45206,0
13529,0
9890,0
36810,0
33900,0
2346,0
63847,0
49317,0
5954,1
57825,0
42727,0
33350,0
56125,0
49605,1
259,1
20028,0
58797,0
13046,1
6858,1
9562,0
44191,0
40233,1
4642,0
18580,1
48053,1
35875,0
64763,1
52079,0
40494,0
3824,0
12857,1
64878,1
19403,1
28474,1
58409,0
26686,1
53610,0
20125,1
34278,0
28019,0
2131,1
34820,1
51320,0
21901,0
48831,0
38496,0
57084,1
65311,0
45808,0
11724,0
15454,1
29190,0
20442,1
15013,1
30264,0
33060,0
6099,0
60193,0
2338,1
15733,1
43739,1
603,1
5505,0
2442,1
4980,0
26488,1
51513,0
41507,0
56779,1
57482,0
33878,1
7295,1
40353,1
42579,1
38019,1
12123,1
59532,0
45322,1
13302,0
62568,0
3845,1
28498,1
62034,1
38378,0
35920,0
1916,1
3670,1
53356,1
38050,1
23932,0
16981,0
41836,1
2454,1
53887,1
12270,0
53440,0
4759,1
21252,0
29604,1
9128,0
13982,0
652,0
40309,0
15086,1
10821,1
27568,0
14338,1
55839,1
6595,0
61383,0
32738,1
15932,0
8721,1
28836,1
27253,0
49040,0
61454,0
29346,1
18041,1
64406,0
14574,0
20333,0
17810,1
23170,0
18922,1
13055,0
21080,1
58099,1
18614,0
57324,0
52552,1
51492,1
16246,0
13707,0
17902,1
37126,1
13398,0
7844,0
50224,1
46658,1
5689,0
51161,1
9647,1
45970,1
25641,1
31145,1
44987,0
24568,0
48929,1
38438,1
6720,0
17886,1
64411,1
28663,0
8113,1
45873,0
2698,0
47713,1
23212,1
44494,1
60093,0
26202,0
34484,0
15886,1
182,0
48636,1
50980,0
13440,1
14382,0
14643,0
20753,1
14785,1
44811,0
63662,0
59874,0
21215,1
24873,0
26937,0
41233,1
56794,1
45753,1
38953,0
23352,1
14352,1
32423,1
24572,1
31797,1
41279,0
43806,0
36709,1
49056,0
56123,0
39992,1
25167,1
23704,0
829,1
22080,0
37190,1
33996,1
5273,0
29001,0
31341,1
10683,1
40735,1
48976,1
56458,1
21188,1
63513,0
23694,0
54840,1
18044,1
4656,0
13441,0
11256,0
5749,0
37469,1
26142,1
20016,1
27410,1
18099,0
41676,0
56026,1
39080,0
25607,0
48738,1
1671,0
7731,0
52916,1
48237,1
5786,1
26607,0
26021,0
29872,1
27301,0
51036,1
20133,0
19412,0
44931,1
44808,1
21495,1
10543,0
22445,0
25361,1
40458,1
31720,1
40524,0
65346,1
31409,0
29862,1
61056,1
43938,1
48778,1
16246,0
22866,1
23415,1
4463,1
45538,1
53409,1
35302,1
16781,0
20662,0
21585,0
15735,0
47637,0
33706,1
11976,0
25716,1
16478,0
36193,0
38621,1
60846,1
53861,1
61441,0
20082,1
9567,1
14474,1
2860,0
44342,1
51168,1
53562,1
36384,1
27155,0
37759,0
35118,1
44246,0
47034,0
988,0
64080,0
12734,1
558,1
38803,1
12586,1
12766,1
31646,1
57780,0
42885,0
17946,1
51840,0
21322,1
34514,0
5495,0
56178,0
34735,1
1646,1
19282,0
25800,0
37362,1
7562,1
38016,1
14739,0
15092,1
13421,0
20385,0
22594,1
18304,0
46939,0
25400,0
10755,1
65466,1
52640,1
47575,1
47915,0
12497,1
24675,0
39945,0
55966,1
39058,0
62606,0
59932,0
58777,1
33803,1
17886,0
53836,0
57431,0
33960,0
46973,1
15471,1
28106,0
47518,0
9186,0
34238,0
17768,1
64442,1
52225,1
46948,1
20101,0
16030,1
58511,0
43469,0
12982,0
41014,0
13749,1
2182,0
38992,1
25971,0
60664,0
16329,1
25932,0
27611,0
54972,0
9745,1
21021,1
62783,1
34387,0
40582,1
16845,0
5733,0
49890,0
29141,1
4392,0
55926,1
46350,0
43856,0
653,0
35437,0
49480,0
28538,0
48790,1
60892,1
46838,1
64762,0
35198,1
41198,0
36478,1
25160,0
16489,1
39762,1
65209,0
35415,0
59411,1
22009,1
16474,0
47699,0
62915,0
37355,0
46812,1
6440,1
20839,1
29029,1
15599,0
61778,0
43503,1
2315,0
3376,0
43357,1
53401,1
59809,1
41185,0
31226,1
20391,0
9581,1
44477,1
54631,0
668,0
59821,1
47398,1
12793,0
31950,0
30087,1
52976,1
39296,0
32604,1
13530,1
60327,0
52961,1
26172,0
27091,1
52955,0
47866,0
16117,0
6475,0
50240,1
42243,1
42363,1
6658,1
2620,0
27295,0
30631,1
46908,0
48932,0
34987,0
60513,1
14396,1
8448,1
15054,0
606,1
29699,0
27036,0
10820,0
33777,0
17276,0
58611,1
48535,1
20742,1
6328,1
42119,0
17559,1
21414,0
55168,1
34362,1
21718,0
41717,1
20215,1
63658,1
53205,1
27828,1
52300,1
16367,1
50737,1
3196,1
56956,1
27425,0
24133,0
21021,0
55534,0
57503,0
46599,1
37604,0
31555,1
19887,1
11185,0
64947,0
59250,0
7441,1
46969,1
61804,0
27610,0
32669,0
60977,0
57091,1
19814,1
36991,0
36034,1
30444,0
4648,1
33387,1
7874,1
56028,0
19997,1
645,0
65512,0
63714,0
7726,0
55057,0
15252,0
42332,1
28628,0
16486,0
55338,0
25342,0
14400,0
9474,0
64377,0
19787,1
9305,0
31221,0
31867,1
98,0
40471,0
61932,1
2426,0
19771,0
6194,0
58018,1
5793,1
17562,0
44543,1
22081,1
4652,1
57910,1
33556,0
54434,1
7362,0
35739,1
622,1
58650,1
42972,0
19254,0
64629,1
8501,1
11634,0
14058,1
10175,1
35085,0
9308,1
12312,1
30806,1
34967,1
7300,1
10717,0
4336,1
13045,0
59243,1
23204,1
31347,0
1261,0
12467,1
33459,0
1649,1
11643,0
8286,1
63001,1
16996,0
50538,0
58397,1
459,1
53757,0
19511,1
12268,1
47457,1
35131,0
35755,1
36179,1
60303,1
35738,1
54648,0
11748,0
11278,1
36862,0
12063,0
20582,1
42399,0
64219,1
55062,1
57431,1
11066,1
53163,0
29615,0
15216,0
24709,1
8794,1
3988,1
40610,0
55919,1
3250,0
24372,0
10896,0
40880,1
60680,1
26987,0
25760,0
52825,1
9408,1
31050,1
3425,0
2664,1
4405,1
22083,0
34423,1
59224,1
54232,0
48195,0
21004,0
27215,0
48785,0
41422,1
2355,0
16650,0
41701,1
52063,1
45104,1
49343,0
48539,1
36462,0
61055,1
25591,1
8160,1
10873,1
47740,0
59300,1
22345,0
16570,1
39131,1
52896,0
33399,1
22752,0
17928,1
9850,1
59916,1
693,0
36953,0
59661,1
33150,0
9846,0
45107,1
10845,0
6348,1
1527,0
44482,0
40029,1
59426,1
13288,1
58850,0
36608,0
62035,1
65076,1
7706,1
4941,1
56141,0
27215,0
14013,1
25483,1
358,1
12592,1
35952,1
57157,0
16001,1
41972,0
14507,1
54262,1
62310,1
34002,1
45888,0
53737,0
64244,0
44267,0
39897,0
29354,1
28028,1
3547,0
29737,1
55888,0
52922,1
21113,1
31529,1
40974,0
4339,1
24856,0
62933,0
16699,0
19195,0
39370,0
52770,0
29564,0
55808,0
5924,0
50624,0
45426,0
5516,1
50828,1
37003,0
59355,1
13715,1
20047,0
44574,1
30813,0
36046,1
8553,0
26337,0
887,0
10217,1
22294,0
59629,0
63410,0
17286,1
14716,1
61501,0
57616,0
13912,0
48468,0
4570,0
1587,0
13278,0
61208,0
52108,0
21196,0
26570,0
39017,1
744,0
8243,0
44551,1
53790,0
37007,0
31934,1
49850,0
52354,1
45069,1
35741,1
48574,1
46708,0
15973,0
47920,1
55078,1
52260,1
29704,0
13234,0
27532,1
26174,1
13391,0
44913,1
51796,1
14493,1
44553,1
25332,0
3037,1
13799,0
60040,0
40092,0
36189,0
62571,1
19315,0
20217,1
60213,1
54998,1
7744,1
48192,0
56591,0
43842,1
19024,1
52262,1
33426,0
21320,1
553,1
30102,0
23113,0
410,0
4139,0
42685,1
58470,1
6195,0
29160,0
30943,0
62328,0
9795,1
14396,0
16717,1
13736,0
14431,0
23021,0
55850,1
51582,1
49888,1
46740,0
57443,1
39599,0
23727,0
60161,0
29597,0
4120,1
35638,0
2367,1
32119,0
60029,1
32960,0
24124,0
49508,1
43989,0
48973,0
12873,0
34773,1
32245,1
64483,0
64044,1
29482,1
29279,0
64946,1
15122,0
5518,1
63889,0
13637,1
7490,0
15487,0
54414,1
62761,1
10019,1
44082,0
6093,0
25641,0
14145,1
14792,0
18878,1
45967,1
58880,0
43078,1
620,0
8798,1
31702,1
57610,0
62985,0
33944,0
53314,0
12355,1
22552,1
52186,1
2371,1
22092,0
28943,1
34351,0
18671,1
31879,1
43783,0
43356,0
13134,0
43298,0
43463,0
3749,0
51945,0
23335,0
39691,1
56629,0
1740,1
1578,0
37707,0
2733,1
60977,0
25698,0
9696,1
58358,0
26580,1
29773,0
11592,1
58850,1
23197,1
25152,0
48649,1
43120,1
39732,0
52538,1
46024,1
47058,1
33068,0
36971,0
56132,0
47627,1
64033,1
2055,1
48413,0
20887,1
16953,1
41236,0
63060,1
29398,0
26395,0
4687,0
14492,0
65076,0
44,0
11453,0
33057,0
48053,1
25905,0
50709,0
62421,1
50763,1
28343,1
30625,1
24582,0
17688,1
43287,1
27891,1
60972,0
57774,1
58449,0
18226,1
51400,0
37984,0
7964,1
61859,0
21472,0
3512,1
529,0
25803,0
5270,1
45194,0
26718,0
29611,0
61606,1
38428,1
55256,0
29525,1
62187,0
33936,1
38432,1
50955,0
5616,0
62948,0
17695,0
60481,1
58223,1
6534,0
56557,1
11055,0
61861,1
60078,1
3127,1
23408,0
18740,0
40537,1
36623,0
1062,1
26074,1
41157,0
55270,1
1418,0
54550,0
7150,1
55157,1
5147,0
25193,0
47671,1
4348,0
37045,0
54012,1
9291,1
45743,0
50526,1
23266,1
60733,1
21193,1
46649,1
50364,0
9962,1
29646,1
1754,0
22508,0
36381,1
28692,1
62718,1
14422,0
10035,1
6795,1
35680,1
48995,1
57920,0
16548,0
11586,1
13527,1
40205,0
19757,0
32207,0
61696,0
9813,1
21097,0
44135,1
6658,0
39757,0
27609,0
19578,0
12166,0
18207,1
12141,0
53586,0
29996,1
21357,0
31946,0
46267,1
8536,0
17569,1
27224,0
44253,0
44875,1
53485,0
38952,0
1860,0
2508,0
51315,0
30756,0
2842,1
11031,0
3862,0
14118,0
10585,0
48498,0
13556,1
8687,1
46713,1
34158,0
37990,1
39836,1
43908,0
52135,0
59029,1
59882,0
10560,1
54626,0
27952,1
59963,0
63418,0
19964,0
31869,1
30017,1
15096,0
28248,0
49740,0
55785,0
55945,1
60425,1
33537,1
53070,0
42546,1
20135,1
44022,1
28675,0
29355,1
28318,1
6376,1
46407,0
45035,1
51065,0
26448,0
40685,1
15627,1
34092,0
44014,0
46074,1
761,1
5667,1
25274,0
28936,1
51784,0
41488,0
27745,1
8974,1
62690,1
31398,1
42672,1
7751,0
62614,1
50397,1
22621,1
41761,1
32949,0
46165,1
14161,0
53067,1
46760,0
58752,1
29780,0
5256,0
4615,1
50268,1
29843,0
20518,0
52379,1
48809,0
18829,1
60111,0
57652,0
54679,1
21440,1
61830,0
64217,0
39195,0
30170,0
5075,1
29780,0
11070,1
20709,0
43078,1
26161,1
16457,1
57159,1
39649,1
37817,0
42750,1
3960,0
19443,1
30998,1
25983,1
47795,1
17720,1
20320,1
14615,0
37707,1
35469,0
22689,1
64335,0
65121,0
57593,1
19058,1
43744,0
5635,0
63527,1
29014,1
61358,0
339,0
9593,1
7197,1
29630,0
2535,0
9262,0
29384,1
24893,1
18516,0
56550,1
31896,1
17496,0
15481,0
41978,0
12974,1
445,0
17982,0
4557,1
28567,1
8125,1
63768,0
14272,1
27895,1
58493,0
52886,0
61140,1
53677,1
17850,1
33567,1
60521,1
15721,0
18401,1
13384,1
46081,0
30530,0
57866,1
35354,0
44191,1
13998,0
11658,0
38051,0
6047,1
58270,1
25752,1
65145,1
23384,1
37073,0
33770,0
58831,1
8035,1
21709,0
1683,0
23882,1
4998,0
25264,1
30010,1
26197,1
58239,1
50502,0
56183,0
45197,1
50518,0
13930,0
15564,0
65360,0
46884,1
37112,1
64714,0
20812,0
64390,0
40061,1
58399,1
30422,1
15880,1
6452,0
29125,1
53466,0
173,1
17933,0
11071,0
26614,0
16119,1
221,0
43717,0
30192,0
21453,0
29245,1
19014,1
44235,0
61886,1
11933,1
24100,1
41929,0
50877,0
5255,0
2099,0
23694,1
52449,1
45459,0
42892,0
52800,1
50767,1
24901,0
32909,1
19021,1
7372,0
44160,1
7394,0
29414,0
2631,0
5891,0
54216,1
20869,1
65072,0
24034,0
47520,1
31299,0
6007,1
59274,0
59054,1
31356,0
44166,0
47014,0
60448,1
41249,1
55110,0
34662,0
34241,0
57829,0
60871,0
26989,0
50783,0
28439,0
41332,1
22451,1
36902,1
2000,1
53073,0
14741,1
58225,0
49045,1
53737,1
63216,1
63593,1
23236,1
22238,0
6301,1
21641,0
45826,0
26891,0
60840,0
47239,0
3688,0
9518,0
39025,0
12913,1
16795,0
31158,1
41931,1
54848,0
52042,1
50001,1
44560,0
7709,1
22999,0
46335,0
3950,0
62520,0
12392,1
7046,0
32548,1
20000,0
64282,1
34505,1
9704,0
31950,1
52704,0
24189,1
13077,0
55329,0
1238,0
15725,0
22119,0
38818,0
7774,0
38653,0
62636,0
50374,1
16490,1
56838,0
52665,0
47820,1
33416,0
64649,0
29492,0
44375,0
58419,0
64288,1
18198,0
55512,1
46917,1
8914,1
26481,1
56718,1
30912,1
45229,0
43482,1
4714,1
8169,0
63191,1
63507,1
25792,0
8483,1
9864,0
25796,1
47944,0
13266,0
59032,1
27152,1
48747,1
20799,1
11043,1
10539,1
1261,0
50774,1
44412,0
36758,1
14742,1
54265,1
21565,0
3093,0
47794,0
5315,0
48177,1
35397,0
22061,0
6572,0
23896,1
36642,1
26552,0
39863,0
18691,0
20930,1
15176,0
18066,1
57505,1
33005,0
3606,1
10823,1
42125,0
741,1
34547,0
3781,0
22153,1
42475,1
8141,1
2525,1
62349,1
46973,1
37152,0
18275,1
53404,1
64935,1
65445,0
61902,0
25506,0
64984,0
26612,1
63648,1
51269,1
1112,0
32718,0
51919,1
44847,1
5124,1
424,1
40001,1
34520,0
1580,1
39101,1
39914,1
5580,1
42040,0
44738,0
29695,1
42496,0
39745,1
49510,1
11363,1
4159,1
37775,1
13539,1
41612,0
25734,0
43356,1
23670,0
21071,0
41779,0
8975,0
60669,1
48906,1
18710,0
20566,0
39672,1
59974,0
47261,1
33441,1
33720,0
16958,1
59718,1
2851,1
19820,0
42254,0
59351,1
30336,0
62756,1
7022,1
18461,1
39516,1
32666,0
11965,1
5170,0
43121,1
41951,1
61467,1
30746,0
43549,0
42582,0
49325,1
2367,1
25199,1
18597,0
4543,1
25481,1
35436,1
19660,1
40788,1
23180,1
11104,0
65352,0
56124,1
45696,1
51260,1
33312,1
25061,1
19804,1
40351,0
18624,1
55184,0
25574,0
10447,0
55624,1
37778,0
37731,1
24723,0
50031,1
26065,0
16651,0
14210,1
55006,1
14550,0
57648,1
20304,0
7284,1
16821,1
30585,0
3348,0
54437,1
553,0
27598,1
58901,1
62347,1
5934,0
23453,1
25931,0
11050,0
43511,1
58391,1
41576,0
27474,1
30899,0
25433,1
39173,0
42901,1
22531,1
11319,1
35892,0
5212,1
436,0
31855,0
7000,1
36527,0
26820,1
22760,0
44109,1
53149,1
25493,1
14385,1
20492,1
36182,1
56512,1
22246,1
52210,0
26961,1
9436,0
13743,1
52788,0
15697,0
48773,1
3015,0
48189,0
53614,0
5182,1
11594,1
65500,0
55811,1
13055,1
12204,0
23599,1
14149,1
53196,1
35566,1
3208,1
27277,1
36718,1
3766,0
4026,1
36474,0
63393,1
11957,0
61537,1
25104,1
1881,0
49286,0
36827,0
8715,1
12274,1
3072,1
30553,0
30971,1
41583,0
25895,1
24867,1
2167,1
60615,1
18831,0
12687,0
34734,1
63294,1
25549,1
11032,0
8815,1
63391,1
17517,1
27552,0
40368,1
56375,1
53321,1
57163,1
28539,1
18235,1
2184,1
33476,1
65455,1
26483,1
63759,0
22675,1
50174,0
26152,1
12744,0
39829,0
38521,1
2592,1
2926,0
54574,1
17658,0
8848,0
33841,0
52904,1
2322,1
8347,1
56900,0
43749,1
54620,0
55011,0
27820,0
53329,0
18599,1
15405,1
46206,1
63816,1
7559,0
62653,0
26818,1
51094,1
29528,0
28986,0
26987,0
10647,0
12337,1
53979,1
46785,1
13370,1
51451,1
39439,0
50628,0
58718,0
45755,1
28951,0
21286,0
12156,0
19447,0
51434,1
28496,1
43095,1
58603,0
56396,0
36877,0
47341,0
17351,1
34548,0
64131,0
61978,1
4553,1
54674,1
39121,1
27118,1
61074,1
40486,0
63908,0
59577,0
41784,1
11813,0
30346,0
22819,0
14931,0
23451,0
12207,1
2357,0
2816,1
53200,1
34393,1
49603,0
1483,0
62749,1
24758,1
37475,0
34806,1
34847,0
25022,1
40402,1
25015,0
15764,0
51970,0
7507,0
7093,0
27572,0
53335,1
51677,1
43955,1
47711,0
54834,1
1905,1
57688,0
61628,1
41072,1
12043,0
1619,0
18578,1
4523,1
3045,1
29871,0
43866,0
62273,1
62540,1
6809,1
48195,1
5059,1
53604,1
49869,0
37091,0
21110,1
63890,1
51425,0
29418,0
56348,1
36318,1
49616,0
6345,1
34388,0
23348,1
44647,1
1150,0
40385,0
21114,1
11961,1
56646,0
14414,1
16357,0
11069,0
5689,1
59256,1
19578,0
8770,0
43899,0
33748,0
24626,0
58996,0
40220,1
53837,1
18793,0
562,1
19268,0
41218,0
50044,0
24335,1
32433,1
39660,0
14517,0
50140,1
63673,1
62729,0
20238,1
41227,0
5887,1
5682,1
9894,1
49496,1
1502,1
55223,1
62159,0
4853,0
11078,1
13829,1
13768,0
25170,1
47545,0
12352,1
35946,1
28104,0
27483,0
58131,1
44932,0
49405,1
46003,0
31342,1
16181,1
3814,1
13422,1
8122,0
64623,0
57514,0
46934,0
55704,0
40774,1
27347,0
36076,0
40329,0
17331,1
50553,1
45163,1
48361,0
22132,0
26280,1
10740,0
7268,0
24519,1
56381,1
201,0
45399,0
52809,0
24312,0
50017,1
24174,0
16903,1
55790,0
44589,1
43104,1
9487,1
13723,1
56049,0
25097,1
29368,0
38797,1
62982,1
54607,0
41655,0
19660,1
15322,0
19842,1
19510,1
47163,1
16102,0
56366,0
37511,0
31885,1
28116,1
42557,1
6507,1
24584,1
65091,1
34281,1
6820,0
7474,0
41465,0
61605,0
8256,0
28858,1
62247,0
36556,0
14434,0
31804,0
41104,0
16639,1
57068,0
674,0
30185,0
57185,0
35986,0
36833,0
3092,1
40559,1
26553,0
29266,0
47530,0
57770,0
7902,0
54871,1
21993,1
39199,1
54898,0
30203,1
43853,1
36793,0
53025,0
14827,0
13731,0
14971,0
12494,1
21563,0
53660,1
11917,0
46397,0
58352,1
21738,1
50077,0
4598,0
31902,1
52914,1
56725,1
30793,1
8787,1
33425,0
35239,0
18165,1
45532,0
20752,0
44125,1
65460,0
56889,0
15242,1
33718,1
33332,0
64061,0
56559,1
56510,0
34335,1
1964,0
47652,0
33599,1
31126,1
59851,1
50598,1
17549,1
50010,1
30800,0
8187,1
41869,1
57811,1
14515,0
4291,1
21169,1
9028,0
20802,0
53237,0
31071,1
25143,0
130,1
59228,0
14845,0
6744,1
18135,0
34571,1
43220,0
53938,1
8202,0
43403,1
2661,1
7299,1
6614,0
12876,0
59958,0
50879,1
24648,0
34433,1
21431,0
63756,1
7925,0
59867,0
33329,1
17663,1
21763,1
55389,1
62122,1
59976,1
46958,1
8700,0
6375,0
23569,1
38520,1
36496,0
22898,0
29832,0
53623,1
21439,0
36676,1
1436,0
21452,1
20464,1
43263,0
24873,1
63941,0
39153,0
63797,0
44086,1
22404,0
23365,1
48540,0
31696,1
33118,1
26233,0
27260,1
59271,1
26205,0
30415,0
65235,1
58987,0
6716,1
30185,1
25476,1
1282,0
39070,0
3757,1
39047,0
3828,1
42472,1
44874,1
41988,0
37321,1
27264,1
48345,0
59216,1
36993,0
1548,0
32356,0
41434,1
25770,1
60874,0
29414,0
53767,0
28617,1
64814,0
64537,1
38578,0
60308,1
29006,0
65274,0
36718,0
53866,1
2616,0
24129,1
22661,0
53127,1
10959,0
13900,1
25062,0
60897,0
63588,1
8040,0
44402,0
1952,0
32659,1
4393,0
1535,1
50162,0
4141,1
36556,1
6622,1
18530,1
11417,0
10899,1
62394,0
59749,0
25626,1
55182,0
45135,0
32798,0
61384,1
52308,1
49755,1
24199,0
34246,1
57410,1
6498,1
50319,0
64305,1
6639,0
64968,1
15864,1
3616,1
65169,0
12705,0
33713,1
21888,0
6792,1
64946,1
22305,1
56626,0
45809,1
50397,1
43680,1
40600,0
37821,0
26611,1
47234,1
48395,1
12300,0
63820,0
59084,0
14319,1
21985,0
11153,0
48572,0
55433,0
25931,1
9909,1
55028,0
28780,1
25916,0
4825,1
34407,0
47917,0
63916,0
31466,0
20605,1
14846,1
31965,0
64425,1
18085,1
18882,0
54928,0
10139,1
12394,0
23298,1
16684,1
21628,0
24249,1
20201,0
6698,0
25578,0
38610,0
64638,1
64459,0
10995,0
45164,0
4117,1
14935,0
60388,1
14703,1
57322,0
6877,1
46082,0
56796,0
20794,1
9464,1
19337,0
54767,0
28472,1
16291,1
49563,0
51340,1
21464,1
58197,1
35418,0
60768,0
47032,0
3370,1
44119,1
56184,1
28270,1
9548,0
48324,0
34733,1
15789,1
30172,1
24068,0
34521,0
34646,1
28584,0
14492,0
44082,0
37022,1
25930,1
5723,0
58489,0
11569,1
61232,1
16360,1
3130,1
23602,0
46683,1
7827,0
63516,0
31692,1
53379,1
44507,1
11201,0
51276,1
7937,1
37289,0
1350,1
55432,1
46955,0
28111,1
63983,0
50386,1
32471,1
58726,1
30453,0
19549,1
46500,1
25944,0
38860,1
22309,0
61463,1
17315,1
45533,0
43913,1
27797,1
14719,0
23312,0
24015,0
26798,1
49094,1
51526,0
40849,0
39974,1
50158,0
17172,1
16874,1
41938,0
64390,1
64449,1
55492,1
18851,0
13858,0
46091,0
51382,0
18000,0
40064,0
63930,1
62893,0
61126,0
26660,0
27807,1
25534,1
8944,0
25003,1
46477,1
16448,1
59858,0
19270,1
7318,0
44700,0
60194,0
32464,1
42511,0
18398,0
18941,1
18494,1
62313,0
27991,0
56719,0
2245,1
14438,1
44984,0
55316,0
12447,1
675,1
30361,1
23876,1
9804,0
58478,1
11979,1
17949,0
41669,0
49011,1
18323,0
33038,1
30438,1
13607,0
3450,1
59707,0
54781,1
23721,1
19883,1
7481,1
8185,0
49456,1
15246,1
58693,1
37487,0
46630,1
57276,1
52349,1
14389,1
48013,1
2079,0
43933,1
47406,1
40507,1
17214,1
17195,0
61362,1
48096,1
20796,1
22341,1
33431,0
57717,1
20510,0
33158,0
64379,0
39825,0
29357,1
21281,0
3742,0
55544,1
37684,0
10171,1
36889,1
30237,0
18895,0
56255,1
58031,1
5513,0
20377,0
35317,1
20809,1
20332,1
60354,1
28189,0
49077,0
39361,1
1871,1
1660,1
3223,1
38451,1
32368,0
40684,1
14236,1
62424,0
21156,0
56450,1
53959,0
54596,1
22569,1
15382,0
43632,1
38830,1
46288,1
22328,0
62407,0
16390,0
57934,1
45231,1
13184,1
8043,0
9641,1
35816,0
1446,0
28163,1
20927,0
51379,0
64425,1
14315,1
3268,1
18709,1
1230,0
31944,1
57684,1
35140,0
51526,0
34212,0
48166,0
57199,0
39968,0
43535,1
60627,1
59018,1
3405,0
62214,0
3750,0
65357,1
41227,1
3666,1
44369,1
38774,1
41269,1
5405,1
43058,0
45566,1
49109,0
21927,1
12579,0
60705,1
44406,1
57095,0
58469,1
57431,0
48619,0
24625,1
35571,1
62783,1
28069,0
20002,0
40466,0
71,1
59801,0
32473,0
17009,0
9001,1
26240,0
3347,1
44629,1
30004,0
29136,1
20148,0
17820,1
29874,0
58570,0
54490,1
64614,1
40278,1
14948,0
1943,1
22804,1
1930,0
19001,1
5927,0
36520,1
43448,1
24004,1
27799,1
35244,0
42626,1
31711,0
24942,1
24363,0
12995,0
17234,0
42867,1
54859,1
57142,0
38753,1
43215,0
11501,1
27823,0
53965,0
48528,0
21731,0
7427,0
41450,0
7918,0
29970,1
11231,0
47892,0
33802,0
6655,1
54184,1
12019,1
38730,1
33995,1
842,1
62859,0
47725,1
15475,1
8773,0
56073,0
23365,0
63950,1
19053,0
24285,1
13623,0
48646,0
4764,0
2580,0
42049,1
46130,1
54610,0
29261,1
50999,1
41059,0
2229,1
26988,1
35698,0
3664,0
14714,0
64448,0
1105,0
31057,1
54929,1
6978,0
39948,1
59441,0
11231,0
49553,1
29016,1
50123,1
41844,0
51434,0
54947,0
6170,1
48398,0
33388,0
29599,1
49987,0
12697,0
15670,1
50915,0
47999,0
16727,1
26679,0
47898,0
64858,1
28374,1
26044,0
46372,1
1924,0
9792,0
43449,1
53632,0
20572,0
12892,0
7827,0
39224,1
28342,0
45762,0
9001,1
40433,1
16761,1
63898,1
3011,0
52367,0
45274,1
3226,1
46568,0
55340,1
44515,1
54352,0
10317,0
33176,0
51668,1
22340,1
20640,1
43187,1
38704,1
7738,0
40023,0
48774,1
20297,0
42418,0
60817,0
848,1
61760,0
9415,1
23850,0
57473,1
17416,0
16974,0
29919,0
45167,1
642,1
4590,1
64854,1
8880,0
53248,0
28033,1
11951,1
11683,1
22146,0
13078,1
7787,0
54529,0
12297,1
14901,0
15787,0
60092,0
65183,1
28806,0
61646,0
58682,0
3308,0
57084,0
26012,0
19085,0
45520,0
27846,1
11564,0
55535,1
37797,0
17196,0
45452,0
39513,1
24462,0
59539,0
430,0
30917,1
64684,0
22882,1
31510,1
41070,1
51007,1
42965,0
32533,1
38677,1
40803,1
35625,0
58016,0
10142,0
59074,0
61711,0
2478,1
30319,0
18804,1
51426,1
19061,0
38220,1
18802,1
3128,1
38573,1
49820,1
40469,0
33196,0
38089,0
1267,0
14578,1
34818,0
64249,1
53000,1
37157,1
24994,1
54959,1
49539,1
51423,1
33132,0
61834,1
5116,1
46498,1
47386,1
63914,1
372,1
17598,1
51040,0
26863,1
47246,1
49696,0
14766,1
11286,0
40855,1
43938,1
14084,0
15893,0
41463,1
36495,1
41602,0
8471,1
48499,1
35140,1
21687,1
34555,0
34753,1
61709,1
56813,1
43917,0
59444,0
64878,0
36780,1
63032,1
39811,0
58936,1
1561,1
31977,1
54698,1
23417,0
41055,1
2657,1
19796,1
17053,0
4223,1
8073,0
17797,1
50094,1
12124,0
43997,1
63896,1
55767,1
33514,0
22203,1
16478,1
15884,1
41127,1
56786,1
23670,0
8901,0
62748,0
36545,1
35290,1
38618,1
40654,0
31972,1
34924,1
7322,0
21295,0
4628,0
28176,0
51969,0
13595,0
47107,0
29432,0
13010,0
1257,0
5598,1
57817,1
24599,1
12709,1
29901,1
46714,0
38604,0
48463,1
9257,1
50838,1
1988,1
10810,0
49175,1
42674,0
47773,0
7542,0
7629,0
61701,1
3140,0
10591,1
49641,1
38695,0
28007,1
10940,0
43473,0
31440,1
22725,0
33379,0
13928,0
61420,0
9816,1
36422,0
47892,1
59083,1
28723,1
10548,0
9796,1
7218,1
9958,1
49641,1
38896,0
41746,1
41532,1
25829,1
16749,0
19001,1
11157,0
42814,0
54,1
31121,0
1986,0
32604,1
21875,0
29469,0
40818,0
32476,0
4870,1
17483,0
9969,1
56296,0
227,0
31315,1
35905,1
5673,1
62837,1
24133,0
54042,0
24306,1
438,0
6164,0
27641,1
11959,1
33683,0
16738,0
7193,0
6652,1
49215,0
5548,1
14502,0
24355,0
47181,1
55056,1
8656,1
45348,1
30941,1
18867,0
3569,0
36906,1
54839,1
44807,0
26209,1
43059,0
12219,0
20093,0
28097,0
50050,0
18655,0
55987,1
51908,0
7540,0
46410,0
32106,0
29364,0
43339,1
13457,0
20802,0
59698,1
56477,0
16664,1
31070,1
10388,1
58483,0
36793,1
36556,0
17103,0
46219,1
34590,0
12313,1
37822,0
8694,0
12223,1
20206,0
24189,0
42738,0
24862,1
64145,0
43963,1
29950,0
22351,1
3760,1
39571,1
44262,0
31562,0
17719,1
28147,1
1251,0
63581,0
55112,1
45784,0
18870,1
47774,0
42245,1
19446,0
25063,0
53141,0
13176,1
18799,0
47437,1
872,0
33625,0
6351,0
8682,0
62965,1
7027,1
42847,1
64848,0
46833,0
51915,0
52875,0
54607,1
25260,1
29033,1
62297,0
5865,1
31862,0
29431,0
25986,0
26800,1
18420,1
57520,0
44189,1
38861,0
20806,1
39671,0
38993,1
59153,0
2583,0
34809,1
26385,0
906,0
3140,0
265,1
53730,1
45173,1
9530,0
41093,1
12611,0
17310,1
4602,0
37982,0
2601,0
35193,0
22013,1
52424,1
15618,1
55306,1
12602,0
32934,1
30097,0
40427,1
65391,0
62113,1
40452,0
23618,0
24535,0
17541,0
1362,1
14649,0
52101,1
19330,1
62713,1
60548,0
55811,0
39622,1
50702,0
53207,0
26460,0
1574,1
59001,0
58503,0
50377,0
15510,0
8001,1
22076,1
62047,0
51147,0
25676,0
26180,1
44577,0
8186,1
8780,0
3820,0
4485,0
64683,1
29041,1
41904,0
2694,1
26796,0
33,1
55453,0
21867,0
14784,0
55314,1
50275,0
37394,0
2711,1
59550,1
63999,0
21422,0
4043,1
56317,0
26701,1
62029,0
60170,0
9737,1
11479,0
18032,0
41315,0
58992,0
41269,1
50186,1
43931,1
41642,1
19924,0
55722,1
11908,1
40083,1
12084,1
14566,1
12914,1
2042,1
55644,1
7653,0
37662,1
45802,0
64980,1
27005,1
48977,1
21761,1
30570,1
660,0
21131,0
56361,0
31920,1
41707,1
40613,0
4303,0
21990,1
40860,1
49894,1
59275,0
20850,0
53057,1
4816,0
58224,1
15715,1
29121,0
49288,1
54494,1
35691,0
2093,1
54596,0
392,0
54901,1
19383,1
26088,1
28620,0
63225,0
34890,1
15702,0
54244,0
22473,0
60977,0
50821,1
38776,1
25079,1
5749,0
50680,1
64654,0
16013,1
11792,1
57196,0
34924,0
61818,0
15768,0
58441,0
62576,1
2061,1
60554,1
21480,0
12529,1
53979,0
9899,1
53228,1
31788,0
51018,0
21890,1
64275,0
7058,0
47589,1
44718,0
17893,0
52233,0
21323,0
5031,0
12965,1
35408,1
17049,0
29354,0
47325,0
12736,0
4294,1
48613,0
54769,0
9786,1
16412,1
36313,0
60673,0
58153,0
32348,0
50135,1
9896,1
51187,1
832,0
44421,0
45405,0
18397,0
26698,0
49475,0
63660,1
59698,1
40282,0
42036,0
58972,0
26376,1
30580,0
45936,0
42776,1
8215,1
41916,1
32899,1
13329,1
23873,0
38002,1
37824,1
56129,0
38961,1
57537,0
56290,1
2204,1
38816,0
20528,1
2165,1
41939,1
11530,1
24725,1
12096,1
50079,1
28083,0
11002,1
55209,0
42927,1
6994,0
62785,0
18227,1
5658,1
23082,1
55420,1
9265,0
62526,1
23327,0
16299,1
41350,0
4246,1
43888,0
39196,1
2181,1
14854,0
2531,1
56628,1
9720,0
19173,1
60287,0
7834,0
23949,1
64640,0
28601,0
5961,1
17353,0
50727,0
27884,1
65433,1
40022,1
33015,1
15562,1
2976,0
31385,1
49069,1
4564,1
37335,1
46542,1
9349,0
9028,0
31713,1
12284,0
35016,0
12995,0
4453,1
22370,0
18957,1
50512,0
12331,0
15818,1
37592,1
8402,0
2609,0
8484,0
51236,0
6671,0
48555,1
53307,0
26603,0
23153,1
8006,0
22451,1
52687,1
8225,0
384,0
60662,1
63082,0
23379,1
44659,1
911,1
18856,1
7304,1
45836,0
46632,1
29356,0
49467,0
41831,0
28372,0
63040,1
15583,0
19760,1
27624,1
6796,0
52795,0
7394,1
4212,0
36811,1
18357,1
52507,0
25821,0
12598,1
60586,0
53037,0
60779,1
5781,0
49809,0
40658,0
48653,1
26471,0
31867,0
45847,0
64291,1
48535,0
56563,0
35626,1
8698,0
36082,0
40929,0
6058,0
25763,1
57230,1
38166,0
9913,0
38492,1
25542,0
2818,1
31326,0
56480,0
52175,0
8011,1
1943,1
57275,0
31802,0
44262,1
14544,1
34855,1
453,0
7878,0
27398,0
64475,0
21947,0
28764,0
18265,1
1678,0
28096,1
53380,0
63718,0
20027,1
32191,1
47412,1
45598,1
35787,1
15613,1
44484,1
9695,1
36589,1
9627,0
19604,1
32947,1
29651,0
21932,0
32507,0
40708,1
12450,0
5532,0
21074,0
53392,0
12813,1
44996,1
41530,0
37840,0
28998,1
20905,1
29438,0
47815,1
17757,0
24970,0
48074,0
42385,1
3936,0
58331,1
55255,1
42375,1
18000,0
51979,0
45930,0
57581,1
48208,0
4775,1
959,1
13521,1
3715,1
1287,1
9884,1
52292,1
36601,0
25573,1
51738,0
42620,0
26548,1
29230,0
2737,0
6263,1
17470,1
35287,0
57407,0
34924,0
309,0
47510,0
21965,0
25205,0
38358,0
52823,0
58445,0
16416,1
55253,1
31741,1
4953,1
32431,0
56244,0
11633,0
29074,1
59454,1
44847,1
12686,0
16616,0
50859,1
19623,0
30249,0
2545,0
37684,0
40960,1
11185,0
48292,0
47029,0
28697,0
28942,1
32735,1
21245,1
21009,0
22876,1
58963,1
22068,0
37705,1
9255,0
52040,0
27980,0
42233,0
2244,0
34225,0
14344,0
37381,0
35269,1
29690,0
50624,0
11044,0
11472,1
43555,0
12146,1
36526,0
2403,1
19504,1
51134,0
23747,0
10153,1
11103,1
1597,0
50228,1
18839,1
50905,0
24256,1
7175,0
53245,1
38660,1
61943,1
56280,0
19082,0
36035,0
4221,0
27919,0
27587,0
51443,0
61253,0
43954,1
11818,0
17982,0
422,0
16616,1
26093,1
14148,1
30939,0
24547,0
30544,1
38243,1
40199,1
5109,0
49167,0
7123,0
51426,0
5326,1
17882,1
14377,0
38686,0
35673,0
38871,0
52807,1
59349,1
22560,1
5932,1
28782,1
21000,1
58626,0
57627,0
43607,0
16556,0
4482,0
35146,0
33075,0
33864,0
64178,1
44927,0
8040,1
43051,1
49177,1
61182,1
50296,0
55379,0
28959,1
48679,1
29291,0
11602,0
9462,1
19434,0
58375,0
64437,0
58516,1
30721,1
6216,0
53920,1
57321,1
31064,0
26293,1
59107,0
17969,0
56568,1
7150,0
63938,1
12699,1
60252,1
8709,0
54083,1
8465,0
3258,1
5185,1
20260,0
4970,0
59229,0
47669,1
21381,0
11120,0
47250,0
8259,0
18415,0
6351,1
42623,1
8928,0
51930,0
37656,0
3359,1
49754,1
21621,1
26318,1
49261,1
50856,1
51587,0
31300,1
8922,0
33870,1
35937,0
12411,0
51312,1
1000,0
43442,1
13844,1
56638,0
19424,0
14059,1
62647,0
24797,1
21525,1
1429,0
4,0
38673,1
30738,0
52651,0
56555,1
7041,0
52814,1
54401,1
45802,1
14733,0
19936,0
24870,1
4527,0
59006,1
52906,0
24338,0
21550,0
37224,1
9759,1
14771,0
62389,1
43520,0
47813,1
39014,0
11443,1
23346,0
52778,0
62005,0
22522,0
27084,1
20508,0
2875,0
60233,1
1239,0
4314,1
52940,1
61603,1
54334,0
9128,1
13417,0
24440,0
64550,0
16641,0
34160,1
34312,1
21219,0
35398,0
29599,1
20788,0
56400,1
1865,1
57159,1
2386,0
8873,0
53152,0
52760,1
14770,0
29482,0
61192,1
15870,1
23139,1
41500,0
45981,1
37719,1
19891,1
2085,0
15617,1
26930,0
20509,0
6232,1
22004,1
61555,0
5683,1
28933,0
44482,0
31767,0
7765,1
65406,0
42503,1
8276,0
58255,0
18667,0
14937,1
28627,1
49227,0
1117,1
18382,1
35791,1
52897,1
24320,0
35376,0
33474,0
6761,0
10981,0
39953,0
65149,0
47722,1
64941,1
45356,0
34110,0
18638,1
6612,0
18321,1
27222,0
31893,1
58684,0
11320,0
54598,1
15687,0
48865,0
50015,1
51951,1
57190,1
46880,1
26673,0
42129,1
34831,0
41995,1
57333,1
39706,0
63732,1
17347,1
33839,1
50613,1
21130,0
10842,0
33861,1
18542,1
47863,0
60192,0
45683,1
45456,1
49347,0
16406,0
50091,1
15499,1
44085,1
38072,1
46230,1
20908,0
41194,0
20625,0
33082,0
52347,1
16202,0
18801,0
39958,0
10980,0
38231,0
56575,0
41895,1
57317,0
30459,1
57078,0
64012,0
55774,0
56393,1
4174,1
43847,1
55033,0
48521,1
14579,0
13687,1
60098,1
19154,1
55998,1
36047,1
35277,1
5941,0
44192,0
29194,0
45335,1
28547,0
44084,0
514,1
25031,1
54940,0
28920,0
21918,1
20821,0
3493,1
14,1
558,0
503,1
48543,1
51108,1
8092,1
57975,1
48829,0
57634,0
5939,1
45818,1
11096,0
64342,0
9113,0
58879,1
49853,0
41119,0
53603,1
22573,1
58025,0
14674,1
46944,0
53926,0
11647,0
22436,0
31839,0
56937,1
11617,0
7968,0
46663,1
3003,1
63945,0
44663,1
27105,0
9825,0
39675,1
27261,1
32841,0
37947,1
62431,0
10538,0
29061,1
21263,0
61373,0
49930,1
63635,1
34202,0
29493,0
18671,1
6373,1
5137,1
14317,0
10005,1
35508,0
23241,1
42843,1
49639,1
45088,0
17993,1
16189,0
20278,0
57670,0
3760,1
15987,1
37287,1
9283,0
35858,0
41873,1
22554,1
24725,1
42724,1
63389,1
34181,1
42867,1
50812,0
59881,1
45026,0
61806,1
11557,0
63027,1
34151,1
64468,1
42226,1
51188,1
11817,1
51509,1
7365,1
31810,1
879,0
16455,1
30095,1
33303,1
41976,0
25103,0
59173,1
39459,1
36507,1
19447,1
24216,0
25507,0
32466,1
56061,0
24090,1
64918,0
47550,0
46410,1
4805,0
14470,1
54041,1
27200,1
1240,1
44989,0
63251,1
35189,0
33517,1
4237,0
43799,0
64342,0
26043,1
55165,1
23268,1
16771,1
58445,0
34803,0
60595,1
41995,0
33862,1
1881,0
12222,0
1354,0
49830,0
56357,1
50559,0
5025,0
62960,1
63175,0
13657,0
22080,0
6483,1
59214,1
61782,1
28568,0
62283,0
4457,0
22052,0
29252,1
11942,1
143,0
60277,0
14225,1
64430,1
12928,0
36889,1
29623,1
2386,1
38951,1
12147,0
25925,1
28322,1
9364,0
40020,1
36396,1
10881,0
11012,1
18564,0
5661,1
23476,1
55372,1
42596,0
47244,1
15802,1
12527,1
46942,1
3423,1
33740,0
46678,1
39999,1
9042,1
9171,0
2222,0
32612,0
7525,0
9145,1
63010,0
7695,0
57815,1
31943,0
27923,1
2880,0
12492,1
61755,0
44705,1
19951,0
5259,1
44184,1
38476,1
10946,0
40832,0
29547,1
48640,1
46471,1
37520,0
50408,1
15165,1
42258,0
15490,0
26046,0
38901,0
19052,1
36658,1
42819,0
21509,0
24650,1
27176,1
51626,0
55785,1
25676,1
27026,1
7568,0
36891,0
21782,0
35784,1
30339,1
37627,1
6854,1
33034,1
50554,0
43658,1
32627,0
53050,0
33372,1
14865,1
34079,1
20671,1
50352,1
36841,0
22227,0
24067,1
58168,1
12640,1
24278,1
42585,0
60207,0
36192,0
28723,0
29570,1
61918,1
14271,0
38593,0
6537,0
50115,0
2641,0
56111,0
59317,0
32727,0
57250,0
60273,1
32642,0
35140,0
62771,1
1643,1
62541,1
25316,0
60120,0
5411,1
44836,1
60674,1
38466,0
29461,1
44435,0
39479,0
55557,0
21851,1
7168,1
53605,1
33901,0
37210,0
15290,1
28518,0
12809,0
34313,0
59308,0
53433,1
57171,0
12530,1
32881,1
42912,1
25776,1
9792,1
863,1
43361,1
38245,1
46255,1
59128,0
50832,0
29044,1
15233,1
64237,0
26939,1
60786,0
49820,1
14990,1
36632,1
51393,0
56994,0
13380,1
42879,0
19914,1
31602,1
52512,1
44644,0
5231,1
8559,1
55488,1
12896,1
20363,0
8302,1
8958,0
30996,0
17981,1
28075,0
8015,0
65108,1
65483,1
36186,1
23057,0
36095,1
17383,0
37454,1
61239,1
9976,0
57659,1
62755,0
41681,1
65266,1
59085,0
43609,0
32914,1
40717,0
14420,0
32246,0
36895,0
37157,0
64512,1
39803,0
35198,1
21725,1
2104,0
4353,0
59316,1
10683,0
4858,0
22597,1
17151,1
42234,0
619,1
47098,0
1866,0
12288,0
34455,0
8828,1
47677,0
40283,1
63715,0
43720,1
48466,1
17771,1
37174,0
34913,0
11286,1
30946,0
18369,0
42392,0
20713,0
23550,1
43827,0
1954,1
25158,1
20165,0
64091,1
22628,0
22142,0
58597,0
10040,1
33936,0
53542,0
9684,1
64999,0
16499,0
56190,1
15284,1
57490,1
53483,1
16397,1
17847,1
63658,1
58454,1
34019,1
12434,1
39757,0
43982,0
15433,1
43038,0
5154,1
50002,1
3068,0
56941,0
32202,1
39244,1
15784,0
42790,1
17790,1
55939,0
5344,0
62755,0
4826,1
52236,0
13170,0
32510,1
13954,0
50034,1
17156,1
61661,0
24626,0
327,1
23521,0
18449,0
42172,1
62679,1
57566,0
42042,1
56715,0
34638,0
4945,1
21116,1
18428,1
16648,0
40580,0
27484,1
62512,1
5627,0
26950,1
34473,0
24602,1
53640,0
5326,1
62374,0
51587,0
46285,1
13177,1
34776,0
51977,1
11843,0
39190,1
8956,0
57314,0
16823,1
17222,1
9182,1
3943,1
44233,1
39825,1
49222,0
61127,0
12488,0
28837,0
2669,1
37543,1
42306,0
13584,1
42518,0
16143,1
51861,1
23815,1
27331,0
18352,1
53755,0
5113,0
53477,1
45962,1
33999,1
11828,1
10232,1
53930,1
58918,1
19674,1
55127,1
51987,1
3722,0
28975,0
22716,1
58092,0
58065,1
10866,1
52396,1
27728,1
29164,1
46885,0
61057,1
31938,0
46766,1
19805,0
60486,1
63168,0
12300,1
33327,0
20402,1
61583,1
22234,0
43375,1
60629,1
7807,0
14504,0
26443,0
12522,0
32468,0
34607,1
34582,0
13787,1
38128,0
47996,1
49139,1
3330,0
23698,0
65130,1
25181,0
24035,0
43597,0
21667,0
42980,0
55397,0
16501,0
54148,1
4646,1
29409,0
29280,1
44021,0
25114,0
42139,1
36720,0
35354,0
9158,0
15967,0
52326,1
23236,1
47756,1
7319,0
1044,0
53196,1
61005,1
4197,0
20756,0
30787,1
56460,0
42623,1
47950,1
27632,1
11168,0
7971,0
49490,0
52529,0
62699,1
4106,0
59743,0
30550,0
58304,1
16901,0
34609,1
34594,1
31398,1
13443,1
52096,1
32095,0
59928,0
15142,1
34992,0
13368,1
54030,1
7214,0
61036,0
23765,1
41650,1
44116,1
48638,0
9439,1
30207,0
16672,1
38599,1
36180,0
22040,0
45723,0
43716,1
60131,0
51862,1
30383,1
10261,1
51665,0
42398,1
12542,1
37979,1
37155,0
44356,1
381,0
59819,0
17129,1
18640,0
24919,1
23869,1
16179,1
30336,1
5682,0
16395,1
48091,1
63415,0
3227,0
28975,0
29309,0
11486,1
64627,1
15375,0
27948,1
52590,0
1291,1
49764,1
39186,0
9721,1
38202,1
42766,1
15708,1
11321,1
2151,1
42797,0
13060,1
45547,0
36635,1
37594,1
52378,1
50376,0
966,1
25101,1
347,0
10505,0
30045,0
58200,1
336,1
57371,0
9334,0
31513,0
40900,1
43033,1
64496,0
54926,0
54520,0
51409,1
13174,1
40858,0
11165,1
17702,1
51237,0
20200,1
4606,1
50685,0
36111,0
5777,1
38859,1
22873,1
33488,0
34799,0
4443,1
10504,0
6520,1
18850,0
29516,0
54625,1
56702,0
57743,0
6838,0
20887,0
48594,0
22302,1
52288,1
60750,1
24558,1
49871,1
2107,1
3673,1
23411,0
28115,0
9275,1
45620,0
45039,0
28620,0
39583,0
36131,1
61911,1
26827,1
3704,1
42731,0
52027,1
13715,1
8975,1
58204,0
54736,1
30921,0
57686,1
56633,1
10126,0
5460,0
48287,1
35057,1
22205,0
32816,0
14602,0
2704,1
14451,1
29068,0
51719,1
24792,1
46698,0
28714,0
56052,0
43010,0
24914,1
37435,1
30738,1
8628,0
41779,1
58068,1
60923,0
8768,1
43133,1
47421,0
49216,0
13687,0
35705,0
39031,1
7690,1
31431,1
33164,1
12341,0
8910,1
56749,0
60777,0
35792,0
9581,1
23373,1
15595,0
3454,1
20049,1
12118,1
3778,0
63556,0
57819,1
49193,1
12182,1
35662,0
63021,1
3457,0
11931,0
25981,1
10119,1
39804,0
3347,0
60000,0
599,0
9885,1
58538,0
35778,0
19459,1
45960,1
386,1
50718,0
23928,1
36001,1
15806,0
8312,1
49490,0
56586,1
55021,1
58249,1
49506,0
46889,0
2651,0
38067,0
64251,0
53861,0
39008,1
29431,1
48446,1
51736,0
59066,1
38242,1
64787,0
35311,1
34305,1
24990,0
23427,1
27493,1
45130,0
50211,1
27247,1
22181,0
14026,0
36452,1
4570,0
40312,0
56488,0
11168,1
11726,0
26442,0
49033,1
10623,1
17680,1
21420,0
58106,0
56474,1
26970,0
49958,1
32654,1
27534,1
5099,0
48253,1
55091,1
1262,0
15955,0
12167,0
16093,0
33252,0
706,1
39258,1
56311,0
21094,0
45195,1
1791,0
14531,1
7370,0
54273,0
47657,1
25842,0
54002,0
40062,1
60040,0
46367,0
9171,1
24268,0
53825,1
34997,1
37207,0
12340,0
40714,1
15424,0
15217,0
3646,0
2454,1
2214,1
6627,0
4550,0
15587,1
37586,1
17564,0
58092,1
46648,1
14782,0
21502,0
46595,1
5428,0
28034,0
27388,1
41341,0
50964,1
34143,1
65441,0
20967,0
9695,0
53297,0
9298,0
9081,0
47168,0
33388,1
59189,1
38340,1
33641,0
23444,1
57919,1
19492,0
21714,0
64553,1
55062,1
62739,0
12728,1
17540,1
59182,0
40293,0
33569,1
44302,1
26243,0
42837,0
56487,0
36703,1
25089,1
62926,1
55340,1
39862,0
51411,1
53407,1
49957,1
514,1
13288,1
26014,1
6104,0
9810,0
28637,0
1368,0
52255,0
28367,0
14175,1
57271,1
26885,1
48094,0
5796,0
25719,0
45692,1
28776,0
61988,0
22774,1
37537,0
22400,1
6489,1
62305,1
1527,0
42700,0
8168,1
45213,0
32676,0
1318,1
6425,1
10701,0
60109,1
45935,1
55204,1
50798,1
53954,0
38054,1
61990,1
23987,0
23545,0
45628,0
47986,1
23875,1
36236,0
45577,1
36261,0
6613,0
49214,1
31347,1
10042,1
54399,1
6453,0
38130,0
31145,0
8103,1
53564,1
30730,0
56124,0
15338,0
55669,1
10950,0
64875,0
23143,1
40831,1
35638,1
1139,0
18511,1
2640,0
52590,0
15908,0
10221,1
9584,0
34704,0
21832,1
37582,0
16367,1
52334,0
14590,1
56638,0
37637,1
52515,1
842,1
46412,1
59060,1
52124,1
56466,0
16926,1
48425,1
32881,1
53873,1
53568,0
525,1
35749,0
15791,1
12364,0
35178,0
38728,1
45428,0
53701,0
13726,1
46032,0
19335,0
61666,1
11126,0
24727,0
23876,0
47577,0
12044,1
9638,0
28122,1
55996,1
39885,0
2711,0
13958,0
11915,0
15543,0
35420,1
44479,1
22947,0
7170,0
40655,1
45048,0
65514,0
6437,0
19259,1
41289,1
46707,0
4475,0
36187,1
63117,0
56935,1
38819,0
46299,0
23103,0
44520,1
20833,1
59631,1
41712,0
50341,0
30229,1
3500,0
63160,0
35505,0
34491,0
64159,1
22411,0
6068,1
59416,1
13736,0
12551,1
50981,1
31691,1
10978,1
17746,1
25405,0
33218,0
7246,1
47387,0
27558,0
10831,0
37481,0
58401,1
49363,0
20304,0
34134,0
50808,0
44988,1
12151,1
32144,1
36108,1
46068,1
11790,1
53397,1
16264,0
29069,1
19866,0
59130,0
18980,1
23079,0
10338,1
55182,1
42522,0
29601,0
52888,1
63315,0
41832,1
5310,1
16204,1
21139,0
42350,0
19137,1
11627,0
47536,0
63633,0
18059,1
34046,1
9637,0
40471,0
10941,1
11599,1
5069,0
31662,1
5295,0
5371,1
27484,0
63381,1
16246,1
13643,0
43850,1
56095,0
50287,0
47607,0
6235,1
4452,1
16244,1
25509,1
58074,0
25530,0
35630,0
49240,0
4915,1
3244,0
48553,1
51803,1
57293,1
25796,0
28594,0
31383,0
44090,1
61651,1
8906,1
60501,0
47113,1
22292,0
37695,1
8492,0
50838,0
29377,0
32173,1
2260,0
59555,0
54155,0
8280,1
41758,1
44815,1
43247,1
3339,1
59598,0
30042,1
56103,1
9489,1
13346,0
62744,0
55107,1
44845,1
49687,0
52067,0
13395,0
37082,1
29100,0
58143,1
58572,1
14886,0
5791,0
48875,1
16986,0
20103,0
33735,0
25232,1
19733,1
14993,1
53527,0
34664,0
48299,1
44074,1
38447,1
27104,0
56836,1
33164,1
42665,0
49979,0
9648,1
15689,1
64539,1
35842,0
8240,1
46817,1
60672,0
25940,1
52512,0
17525,0
32368,1
23326,1
20587,0
40066,0
43644,1
26439,1
27035,0
55953,1
35206,0
48690,1
38786,0
33168,1
48773,1
11746,0
48489,1
41099,0
19431,1
24762,0
61660,1
14561,1
59437,0
24989,0
36917,1
38364,1
28205,0
55371,1
13535,1
64671,1
34748,1
58821,0
52169,1
18636,1
9743,0
62188,0
29627,1
36185,0
7703,0
6349,1
33237,1
28599,0
32798,0
56727,1
20399,0
29762,1
47966,1
23995,1
13176,0
13851,1
829,0
57067,1
41104,0
60345,1
61443,1
34976,1
35923,0
24601,0
7711,0
14400,1
22319,1
56727,1
45694,0
11393,1
63205,1
20764,0
93,0
39108,0
52744,0
7519,1
65243,0
31904,0
26458,0
64858,0
10626,0
15768,0
49072,1
59882,0
47372,1
20325,0
23478,1
8448,0
4845,1
56332,1
65004,0
34286,0
24314,0
19450,1
30518,0
20717,0
15036,1
33688,0
62683,1
47532,0
60139,1
40708,0
47386,1
47598,0
17105,1
48264,1
64444,0
18266,1
31533,1
7242,0
37128,0
63892,0
16619,1
49665,0
18262,0
33617,1
3908,0
9718,0
3107,1
5085,0
20430,0
21093,0
65173,1
60455,1
57045,1
21749,1
12596,0
49555,0
8187,1
40800,1
38046,0
32044,1
8124,0
59800,0
31474,1
28946,0
63054,0
48412,1
49038,0
50143,0
5919,1
45349,0
34182,0
33091,0
42206,1
22369,1
25472,0
12689,1
27316,0
37218,1
32666,1
56257,0
13321,0
54899,0
32895,0
33269,0
1112,1
7231,1
45663,1
43976,0
6890,1
50926,1
64295,1
16342,1
10860,0
28843,1
10039,0
45755,0
2358,0
35461,1
7800,1
64949,1
1374,1
48080,1
46867,1
26779,0
59399,0
58962,0
13973,1
8153,1
5496,1
42847,1
56250,0
62804,0
19811,1
61254,0
64597,1
56130,0
3885,0
1223,0
19115,1
47663,0
43927,1
59384,1
49931,0
25295,0
56749,0
49889,1
10448,0
14313,0
56480,0
8751,0
55401,0
30733,0
15624,0
7120,1
60777,0
42810,0
36494,1
928,1
3563,1
38896,1
10582,0
48012,1
30690,0
60461,1
39450,0
38884,1
27732,1
31894,0
61727,1
25024,1
330,1
35723,1
39665,1
8822,0
32396,1
35502,0
18968,1
21103,1
14603,0
41672,1
11474,1
58849,1
9259,1
32554,0
57456,1
44044,1
28561,1
60089,1
63348,0
9950,0
46650,0
57524,1
30349,1
58805,0
31603,1
62423,1
8541,0
47892,0
59199,1
38509,0
29764,0
4600,1
42917,1
44566,1
43235,0
61156,1
27947,0
30293,1
24046,0
43279,0
63840,0
45353,0
4857,1
48601,1
30530,1
43794,1
3766,1
26327,0
21671,1
7878,0
42512,1
19219,1
529,1
6858,1
61105,1
58540,1
48316,0
35988,1
23362,1
4557,0
40525,0
8870,1
65504,1
2309,0
54220,0
25191,0
4090,0
62748,1
42002,0
2113,1
12124,1
9656,0
24151,0
51724,0
41737,1
38665,1
36891,0
49383,0
42444,1
6934,0
34874,1
50263,0
3613,1
64435,1
23031,0
20907,0
46442,1
59853,1
2111,1
45708,0
59275,0
40244,0
45246,0
11203,1
30327,1
55256,0
6802,0
30769,1
31180,0
4150,1
41678,0
25401,1
60152,1
15727,1
41340,1
16786,0
58259,1
30660,1
12571,0
39047,0
1552,1
2742,0
53999,1
54487,0
6496,0
15732,0
24731,0
63527,1
54943,0
47846,0
44694,1
21978,1
47031,1
2060,1
60092,0
32756,1
58572,0
36178,0
3620,1
60137,1
19702,0
15519,1
661,0
47726,0
55467,0
36402,1
56698,0
42428,1
32424,1
61144,1
58414,0
29600,0
6597,1
2192,0
59852,1
33926,0
43950,1
20940,0
53121,0
33998,0
14814,0
31824,1
56381,1
13336,0
13818,1
29248,0
34070,0
24527,0
773,1
17721,1
20668,1
51684,0
23806,0
56605,0
60747,0
15875,0
57179,1
2496,1
56336,0
23375,1
56722,0
27265,1
58762,1
61181,0
29082,1
2531,0
11914,0
36934,1
50818,1
2738,1
26548,0
53341,1
34836,1
41075,0
17087,0
54414,1
60964,1
54460,1
49361,1
29367,0
562,0
25627,1
15666,0
23232,0
52233,0
61572,1
38210,0
7104,1
16883,1
25461,1
64554,1
62905,1
56711,1
54059,0
53671,1
30521,1
27741,0
25182,0
35244,1
63053,0
54651,0
41147,0
40476,1
19101,1
54808,1
3854,0
24037,0
20789,0
60096,0
53699,1
63150,0
51331,0
16200,1
3195,0
8254,1
53839,0
13989,0
23953,1
36657,0
2795,0
44262,1
15964,1
19620,0
42004,1
6972,0
18760,0
4784,0
58255,0
11161,0
40387,1
23514,1
61369,0
12251,1
37742,1
45805,0
8109,0
42424,1
59351,1
794,0
54168,0
22416,1
52946,0
57837,0
53538,0
46701,1
14191,0
54447,1
45397,0
40166,0
48287,1
48570,1
27110,1
47319,1
15195,0
24980,0
814,1
10648,1
52692,1
19475,0
27156,0
34035,0
12414,0
29385,1
51199,0
24697,0
22862,1
5012,0
37078,1
10104,1
61744,0
38486,0
48494,1
40867,1
61104,1
26828,1
19799,1
13674,0
64029,1
60451,0
41513,0
45688,0
65142,1
27946,0
55973,0
47131,1
22726,0
46442,1
42755,0
15251,1
41993,1
39727,1
7938,0
13955,0
65254,0
63644,0
24806,1
55909,1
24748,0
32661,1
38263,0
51006,0
37095,1
41623,1
18475,0
40851,1
61056,0
40268,1
64610,0
29825,1
33935,0
57044,1
33091,0
16906,1
56257,0
30011,0
40321,0
62061,1
11611,0
1223,0
51368,0
46035,0
60088,0
15455,1
64944,1
11224,0
64349,0
36659,1
25449,1
50656,1
36637,1
48567,0
64895,0
8728,1
49973,1
55139,1
37926,1
6788,0
26047,1
46817,1
49336,0
49941,0
38139,1
53714,0
55713,0
51579,0
32159,1
54922,0
14481,0
30457,0
34835,0
37949,0
4629,0
19432,0
25411,0
13579,0
43824,0
51166,1
61267,0
14044,0
59802,1
41040,1
57069,1
47967,1
61456,1
15735,1
35519,1
59598,0
38733,0
50543,1
33403,0
48686,0
46853,1
60814,1
13378,0
2015,1
62031,0
21004,0
27515,1
4941,0
53622,0
16992,0
26455,0
57340,1
50958,1
58549,1
50349,1
26490,0
50422,0
19865,1
30486,0
27209,0
24455,0
64809,0
53048,0
34529,0
33162,1
15715,0
60992,0
7019,1
45857,1
59842,0
19588,1
19321,0
8894,1
41604,1
33815,1
50592,1
41531,0
58057,1
37255,1
52297,0
35879,0
8234,0
15674,1
52276,1
11460,1
4812,1
62851,0
43252,0
40096,1
60917,0
2483,1
32567,1
42725,1
8181,1
7804,0
51835,0
30201,0
909,1
17023,0
34066,1
34987,0
31463,0
3977,1
36684,0
56469,1
29355,1
5291,1
55777,0
49098,0
24381,1
31696,1
37481,1
45877,0
58575,0
45910,1
30239,0
55494,1
43454,1
37144,1
44307,1
21249,1
2475,1
34604,0
60057,1
21602,0
50765,1
15796,0
10750,1
20496,1
47401,1
57009,0
1235,0
1355,0
44839,0
64978,0
60829,1
9800,0
49891,0
23365,0
39237,1
18456,0
17427,1
3515,0
30235,1
12933,1
26674,1
33760,1
57723,0
29050,1
14991,1
29141,1
26340,0
2487,1
37464,0
37669,0
28303,1
61472,0
43769,0
52448,0
35980,0
39402,1
34390,0
22728,1
61751,1
42489,0
34252,0
38198,1
39151,1
30236,0
35536,1
38577,1
51913,1
27552,1
37833,1
7521,0
45774,1
14468,1
15558,0
21146,1
5254,1
41365,1
38911,1
9306,1
50784,0
40203,0
10683,1
30173,1
16049,1
57458,0
42756,1
12264,1
29979,0
32996,1
36873,0
60388,1
1087,0
57159,1
36198,1
24778,1
28382,0
13024,0
31890,1
29573,1
53519,0
36741,0
30490,0
26034,1
53890,1
61140,0
6523,1
32469,1
4028,1
22181,1
45829,1
27954,0
27527,0
24346,1
26523,0
24542,0
44373,1
47712,0
17475,1
61970,1
57563,1
32531,1
6748,0
57687,1
3145,0
43277,0
25407,0
1253,0
54086,0
42635,1
56463,0
55041,0
23884,0
9582,1
55130,0
27378,0
63567,1
54804,1
17524,0
20152,1
62827,1
24893,1
5292,0
12098,1
29098,1
38455,1
12683,0
54163,1
48215,0
25363,1
65227,1
55726,1
30142,0
39612,0
41110,1
47130,1
4950,1
55235,0
21346,1
640,0
2888,0
60590,0
64925,0
38304,0
47672,0
51687,1
45303,0
48570,1
18423,1
9751,1
7772,0
9864,1
39981,0
3852,0
55847,0
47002,1
15631,0
63655,1
36768,1
37954,0
17240,1
53366,0
47233,0
4517,1
16725,1
8796,1
18149,1
9530,0
56282,1
64169,1
47327,0
9654,0
65475,1
62296,0
42582,1
2271,0
54406,0
31288,0
21106,0
11012,0
50311,0
6732,0
9084,0
13702,1
11469,0
22338,0
4893,1
61982,0
29403,0
57858,1
39539,1
11596,0
37144,1
27193,1
45849,0
22073,0
51789,1
8157,0
61427,1
24878,1
1389,1
56081,0
18022,0
21686,1
30980,0
23653,1
5291,0
12098,1
28208,0
4284,1
29747,1
26736,0
60282,1
64880,0
43430,1
64294,0
26357,1
9416,1
39619,1
2630,0
7334,0
41788,1
61474,1
52736,1
4596,0
23189,1
34010,1
60145,1
34794,0
62116,0
26822,0
54537,0
56454,0
17858,0
17030,0
23029,1
50540,0
61647,1
54037,1
13939,1
23625,1
35249,1
18519,0
6892,0
63454,1
16059,0
38659,0
14817,1
50021,0
52183,0
60749,1
9402,0
45271,1
49887,0
19535,0
39134,1
17377,1
38919,0
5012,1
57280,1
54819,1
62720,0
64999,1
58600,1
6942,1
64883,1
15346,1
48141,0
63618,0
58848,1
22366,1
19115,0
45923,1
54212,1
1259,1
6786,0
47191,0
18478,0
11919,0
1752,0
33673,1
19425,1
7549,1
12557,1
1368,1
26743,0
57296,1
19866,1
5681,0
5784,0
37858,0
24081,0
12015,0
44373,1
50287,1
64414,1
15797,0
18471,1
41029,1
20142,0
50416,1
3949,0
14118,0
31892,1
997,1
45322,1
39715,0
23283,1
47721,1
43332,0
44448,1
9478,1
29832,1
28115,0
44273,1
24170,0
10279,1
2096,0
10227,1
47383,0
27844,1
17588,1
56085,0
15670,0
59117,0
13137,1
17776,1
37007,0
7255,1
22402,0
24635,1
6460,1
27253,1
42159,1
39571,0
38698,0
6721,1
53425,1
51773,1
7151,0
39277,1
48653,0
33180,0
27419,0
59500,0
4035,1
14399,0
43815,0
57864,1
13311,1
39725,1
9865,0
30173,1
19324,0
19038,0
25781,0
58477,1
25074,0
24998,1
24201,1
43821,1
47737,1
51532,1
8208,1
36305,0
39427,0
62419,1
51553,1
52874,1
10111,1
35914,0
57824,1
57937,1
39444,1
63146,0
13121,1
16291,1
6212,0
51180,1
38926,1
47704,1
36614,0
35738,1
10222,0
40264,0
51994,1
24722,0
14570,1
17690,1
8570,1
51274,0
26019,0
51424,1
23912,0
14264,0
41027,0
23739,1
14709,0
28480,0
56384,1
2895,1
11691,1
44260,1
22840,0
14477,1
52831,0
8919,0
32981,0
1408,0
35089,1
63793,1
41699,0
61868,1
45889,1
22603,1
5536,0
15986,0
23835,1
24477,0
56195,1
40778,0
12033,0
6870,0
20578,1
8177,1
39609,0
24997,0
9364,1
46072,0
48836,0
53627,1
11231,1
4376,1
9056,1
30051,0
12795,1
61003,0
24916,1
38519,1
36655,1
3625,0
38199,0
23642,0
43060,1
57532,1
5537,0
65181,1
53247,0
40541,1
59568,0
21828,0
56887,0
32720,0
30442,0
30877,1
9624,1
43051,1
57092,1
65228,0
12144,0
15119,0
32338,0
38737,0
53215,0
26285,1
56266,0
14142,1
57174,1
4272,0
15856,1
65185,1
37868,1
25952,1
42011,0
10461,1
13576,1
4681,0
50233,0
62940,1
45303,1
15322,0
10649,0
22747,1
33511,0
19676,1
22615,1
61779,1
28307,1
42296,1
2265,0
11873,0
61309,1
21509,0
39449,0
10764,0
53021,1
19463,0
30575,0
55469,0
27702,0
52259,1
59278,0
35061,0
23004,1
15749,1
49175,1
54808,0
49025,1
34149,0
37746,1
25322,0
48924,1
35969,1
21852,1
64259,1
44762,1
54060,0
57122,1
47026,1
48558,1
31984,0
50727,0
22494,0
12303,1
50571,1
37612,0
14822,1
48091,1
41178,1
9756,1
56683,0
22151,0
8227,1
3740,0
21985,0
4313,1
9134,1
62762,1
29874,0
44876,1
42208,1
63756,0
18146,0
5690,0
12358,0
37024,1
7304,1
25345,0
19874,0
45416,0
16320,0
36013,1
21949,1
12603,0
54217,0
25706,0
20280,0
15646,1
3874,1
15798,0
23510,1
21295,1
23943,1
49975,0
12546,0
37026,1
26203,0
37743,1
56623,0
17158,1
42557,1
64317,0
58589,0
22199,1
29329,1
38119,0
21418,0
62916,1
17676,0
54467,0
42402,1
49755,1
50376,0
50009,0
18821,0
28746,1
27929,0
46321,0
64380,0
15898,1
57865,1
31514,0
52924,1
8765,0
49570,0
31686,0
51769,0
28322,1
30614,1
51816,1
7431,0
51651,1
28470,0
29308,0
19822,1
24832,0
11611,1
40424,1
44188,0
350,0
13722,0
34661,0
21922,1
2374,1
13514,0
882,1
19735,1
18505,0
11789,1
6842,0
8152,0
42077,1
28225,1
6541,1
33039,0
39907,1
47008,1
34136,1
65290,1
11294,1
1157,1
22706,1
37319,0
36288,0
42484,0
52625,0
22173,0
4348,1
60677,1
50024,0
64838,1
64961,1
25556,0
37879,0
37475,0
41523,0
8921,0
17619,0
65041,0
51111,0
64461,1
16914,0
32820,0
21103,1
30530,1
9775,1
47893,0
3753,1
53815,1
42871,0
32717,0
17828,0
51176,1
50207,1
38030,0
46301,0
32851,0
4547,0
31232,1
44550,1
65032,1
27319,1
57383,0
59012,0
24290,1
806,1
64997,1
5858,0
52060,0
57098,1
15088,1
20863,1
58617,1
41781,0
58423,0
44920,1
61269,1
52347,0
63399,1
50981,0
48283,0
18487,0
17416,1
10665,0
20907,0
26575,1
21396,1
35028,0
40735,1
64439,0
11788,1
12133,0
53185,1
59428,0
45498,1
46201,0
10420,0
63467,1
43270,0
14456,0
18762,1
6245,1
30323,0
41341,0
8039,1
56136,1
27376,1
6072,0
64133,0
37080,1
42386,0
5740,0
63415,0
55596,1
43550,1
44221,0
48088,1
12657,1
13915,1
62244,0
22030,1
51314,0
62547,0
28178,0
26516,0
28111,0
6122,0
43640,0
33616,1
63521,1
17146,0
15542,1
36807,0
17619,0
11449,0
42785,1
2538,1
58989,0
58489,0
46351,0
49184,0
54429,0
45725,1
19118,0
48608,1
14514,0
17947,0
14550,1
15932,1
26074,0
3042,1
37618,0
27568,1
6397,1
42346,0
24791,0
50505,0
8840,1
48729,0
53246,0
21325,0
59745,1
60010,1
55745,1
48901,1
43956,1
51672,1
34203,1
41249,1
43944,1
65401,1
41957,1
13972,0
54121,0
24470,0
59837,0
45665,1
60888,0
49560,0
53319,1
1088,1
36894,1
2349,0
5087,1
52140,0
50073,1
56048,0
55968,1
8669,0
633,0
17881,1
46057,1
3420,0
20365,1
38450,0
49139,0
23300,1
28988,0
24403,1
19397,1
8409,0
37992,1
65253,0
491,1
35219,1
298,0
58135,1
36027,0
61878,1
13019,1
59222,0
29589,1
59018,0
44713,0
5733,0
43011,1
20495,0
25932,1
1954,1
13244,1
23902,0
42056,1
17717,1
53362,0
38032,1
12388,1
43477,0
48620,0
61037,0
315,1
917,0
37838,0
27603,1
52059,0
61868,1
58626,1
58733,1
17643,0
16714,0
37342,1
2599,0
5626,1
60130,0
32260,1
20718,0
14412,0
54053,1
39155,1
49006,1
24098,0
36349,0
65320,0
33803,0
33134,0
5604,0
53832,0
7191,0
58818,1
5757,0
12267,1
23833,1
40733,1
24388,1
29723,1
54034,1
18399,0
64083,0
33508,1
55980,1
21333,0
31102,1
4875,0
10878,0
36279,1
61879,1
40677,0
55704,0
53981,0
60679,1
51478,0
25473,0
2545,1
62704,0
35138,0
47008,0
33752,1
48998,0
60668,1
60724,0
53740,1
24316,1
61399,1
50163,0
26603,0
60602,0
22239,1
53345,0
35038,0
43213,0
8028,0
4533,1
13903,1
23696,0
15607,0
13639,1
27887,1
15885,1
13410,0
59504,1
55242,0
57289,1
5422,1
32012,0
12694,1
30746,0
32065,1
14613,1
1396,1
31318,1
29955,0
37787,1
20368,1
52470,0
34947,1
56221,0
58208,1
21260,0
10204,0
60010,0
64338,0
30756,1
17092,0
46435,1
60310,1
6315,0
37708,0
13298,0
8116,1
52225,1
21572,0
30634,0
64085,1
27268,1
7275,0
55992,0
43104,1
21176,0
9551,0
8808,0
5329,0
41768,1
56237,1
15654,0
28772,1
13886,1
4242,1
25214,1
16040,1
47872,0
27041,0
45571,1
39668,0
63737,1
56726,1
37973,1
10863,1
61704,0
55850,1
21107,0
9611,0
62220,0
41131,0
36324,1
53332,0
11310,1
33223,0
19100,0
50013,0
8852,0
29869,0
55866,0
55089,0
55765,0
32062,1
41607,1
38259,1
61982,0
58918,1
48965,1
681,1
38931,1
42518,1
50597,1
39293,1
47464,1
1101,1
32848,1
47271,1
52205,0
64517,0
58197,1
24068,1
17845,1
53067,0
6928,0
59067,1
57232,1
42410,1
20665,0
42828,0
39129,0
54442,0
51364,1
33756,1
34435,0
51453,1
31348,1
38392,0
26650,0
61178,1
34271,1
57504,1
49034,1
54266,0
51577,0
26090,1
14090,1
26353,0
17174,0
33771,1
19066,0
29645,0
32245,1
37313,1
24412,0
24840,0
51110,1
59426,0
1974,1
47358,1
55546,1
23759,1
42174,0
32589,1
15356,0
28470,1
35602,0
62639,1
9060,0
35062,1
8631,0
42155,1
18861,1
4266,1
16294,0
57537,0
58881,1
8783,1
48290,1
30610,0
31581,1
23346,0
12882,1
29418,0
36186,1
46884,1
26616,1
28582,1
14306,0
24656,0
20526,0
16291,0
36745,1
4539,0
45945,1
1308,1
37827,0
14482,1
18305,0
54120,0
19905,0
18677,0
26907,1
2933,1
45596,0
25241,0
32123,1
8343,0
24289,1
39690,0
5028,0
24271,0
63815,0
40080,1
16896,1
15138,1
56513,1
15308,0
26242,1
27204,0
36603,1
41099,0
41645,1
55944,0
11021,0
27367,0
44600,1
30907,0
32990,0
17557,1
19573,0
38022,1
544,0
59340,0
37284,1
53059,1
34910,0
55598,1
30489,0
1534,1
30771,1
12638,1
53429,0
38982,1
3998,1
58333,1
31638,0
34986,1
22281,1
47155,1
47475,1
10279,1
11186,1
25186,0
52145,0
2466,1
10380,1
16768,1
44649,1
59557,0
45784,0
8953,0
23499,1
54211,1
51734,1
380,1
29938,1
16926,1
18298,1
35042,1
35164,0
5249,1
2264,1
22771,0
41270,0
37568,0
52446,1
8030,0
60568,1
18528,0
7965,1
38274,0
40368,0
34183,0
7401,0
2148,0
24667,1
55310,1
56971,1
58674,1
42083,1
20955,0
26936,0
50810,1
62456,1
27037,1
34183,0
42354,1
55861,1
47837,1
30845,0
54843,1
65376,1
20445,1
22934,1
47859,1
24642,0
46609,0
5767,0
38763,0
20818,0
22912,0
5891,0
49699,1
19945,1
8055,0
24558,0
47446,1
14302,0
32700,1
10360,0
58741,0
29725,1
2872,1
53856,0
50320,1
6166,1
36637,1
24786,0
38676,0
58246,0
15843,0
42666,0
5706,0
36406,0
31305,1
755,0
64621,0
4075,1
25186,0
34789,1
12314,1
8155,1
41976,0
11003,1
64409,1
49341,0
55578,0
36667,1
54578,0
37615,0
61325,0
32939,0
45222,1
1597,1
54671,0
15177,1
59487,1
42794,1
40751,1
14939,1
23427,0
54849,1
27873,1
36898,1
40956,0
49766,0
4225,0
47040,1
22515,1
49234,1
35479,0
38881,1
40764,1
57856,0
42708,1
30119,1
46810,0
60878,1
5901,0
44197,0
13818,1
8890,0
41939,0
46881,0
58872,1
23999,1
8645,0
36409,0
846,1
1445,0
50084,1
22806,0
52763,1
32152,1
41437,0
61376,0
48443,1
21268,0
33263,1
51154,1
58366,0
2711,1
29355,1
35895,0
124,0
23085,0
27209,1
9927,1
46213,0
4164,0
27562,1
3498,0
16631,0
35077,1
61279,1
33146,0
5197,1
34937,0
53691,1
59402,1
55754,1
1518,1
1606,0
26921,0
38,1
13777,1
32784,0
62067,0
33612,1
44199,0
19949,0
39761,1
46834,0
19548,0
42222,1
57309,1
44185,1
44461,0
24325,0
3588,1
42474,0
22334,0
13701,0
2006,1
3902,0
27397,1
4877,0
58149,0
24128,1
8589,0
31034,0
12074,0
1624,0
64636,0
38229,1
8151,1
49934,1
59718,1
46068,1
56715,1
50694,0
1959,1
24370,0
15269,1
59346,0
7807,1
24964,0
63379,1
33539,0
24641,0
2909,0
53773,0
30188,0
59392,0
23115,0
13716,0
23349,1
3659,1
14384,0
50683,0
6303,0
45918,1
15897,1
49147,1
47153,0
51652,0
9734,1
50008,0
7079,1
43126,1
27322,1
27683,1
50635,1
4564,1
36253,1
15898,0
2834,1
49556,1
52678,1
55657,0
48040,0
17817,1
17703,0
62895,0
22155,0
61375,0
19394,1
59977,0
17176,1
46449,0
51750,1
59268,1
29406,1
9062,0
56017,0
26113,1
58048,1
24710,0
51945,1
29403,0
3043,0
51638,0
45056,0
23662,1
26668,0
30326,1
54317,1
62408,0
60584,0
64262,1
14272,1
21739,1
4781,1
51678,0
4580,1
11301,1
45039,1
49323,1
35142,0
46934,1
11914,0
29603,0
30151,1
38945,0
25954,0
14552,1
42218,1
55386,1
33858,0
15899,0
55558,1
49072,1
36908,0
44635,0
26098,1
16323,1
18199,0
64808,1
27262,1
21432,0
13391,1
38577,0
22370,1
35339,1
23458,0
32544,0
64010,1
55687,1
55015,0
2524,0
3637,0
58947,0
25632,0
1672,0
8582,0
32024,0
58709,1
62422,0
458,1
10176,0
2322,1
43574,0
14365,1
13714,1
28325,0
31257,1
3378,0
14738,1
29366,1
21574,1
50604,0
56896,1
8147,0
3338,0
26803,1
17400,1
22479,0
51934,0
63295,1
56972,0
20682,1
6000,1
29277,0
49026,1
44477,1
57738,0
15433,1
6120,0
34518,0
6153,0
38073,1
8815,0
27927,1
2153,0
39318,1
29910,1
40050,0
12400,1
57054,1
22842,0
51251,1
32844,0
62293,0
25560,1
32648,1
33488,1
37458,0
48456,1
53604,1
13529,0
22944,1
51749,0
27183,0
36565,1
37535,1
401,1
40833,0
54162,0
39685,1
42181,1
31464,1
32748,0
1190,0
5143,1
38573,1
61802,1
56056,1
43628,0
30523,0
39338,0
11680,1
41443,0
9186,0
36292,1
36574,0
37934,1
60513,1
34404,1
5620,1
3506,1
25731,0
41868,1
17095,0
24154,1
50000,0
3009,0
25130,1
30054,1
47390,1
65319,1
50112,0
59051,0
24232,1
42011,0
38120,0
44494,0
33096,0
31216,0
36338,0
29135,0
41485,0
38784,1
34763,1
55882,1
21390,0
55157,1
19694,0
1023,0
31218,1
34981,0
29730,1
6875,1
9574,1
14928,1
53847,0
18489,1
64451,1
56373,0
43897,1
25270,0
43400,1
17201,1
35107,0
43580,0
1316,1
23301,0
8678,1
38157,0
42374,0
34710,1
2346,0
11902,1
41959,0
53978,1
60389,0
43431,1
27091,0
47549,1
9593,0
15728,1
57337,1
9427,0
14663,0
37734,1
38064,0
33710,1
59350,0
7802,1
36708,1
40263,0
20843,1
42477,1
51961,0
13321,1
38594,1
11481,0
55871,1
19348,1
63040,0
46302,1
11217,1
11064,0
47371,1
38047,0
53693,1
40072,0
60956,0
56339,0
31210,1
31821,1
49136,0
27104,0
63206,1
57683,1
1651,1
7547,1
10204,0
42120,1
48845,0
2855,1
263,1
33625,1
40150,1
3140,0
57657,1
23260,1
21871,1
40608,0
49869,0
22758,0
60462,1
53305,0
40492,0
32712,0
56932,0
5125,0
62008,0
36882,0
50610,1
23923,0
64483,0
61560,1
55463,0
58715,1
54441,0
16615,1
56822,1
7364,1
27430,0
58421,0
32773,1
59213,1
64603,1
22901,0
12051,1
57097,1
49009,1
53957,0
50965,1
41108,0
64250,1
36236,0
61670,1
63482,0
60483,0
21502,1
6037,0
25843,0
11659,0
46237,1
7296,0
10363,0
50819,0
21189,0
43936,1
17585,0
10505,1
59503,0
38147,0
56332,0
31381,1
28840,0
17471,1
63986,0
35583,0
48451,0
31984,0
45270,1
60225,0
60529,1
55599,1
49906,0
64290,0
61204,0
35591,1
52316,0
47852,0
569,0
54669,0
4486,1
53089,1
34692,0
17396,1
64060,1
48975,1
3543,0
43551,0
11657,0
39838,0
16525,1
11291,1
20143,1
5992,1
21424,1
44410,0
55449,0
42292,0
64603,1
48035,1
4217,0
16518,1
55578,1
21723,1
27356,1
25524,1
58813,0
34241,0
31997,0
64144,1
27960,1
50152,1
63832,0
17738,0
18419,1
47041,0
5350,1
4990,0
27362,0
39435,1
34422,1
59387,0
50859,0
14057,0
55344,1
35120,0
46537,1
53918,0
10076,0
15533,0
60551,0
37438,1
49284,0
17724,1
56404,1
6937,0
20399,0
43448,0
43783,0
40396,1
54253,0
49046,1
5191,0
7574,1
14726,0
45758,1
30279,1
54259,1
52757,1
15978,0
29813,0
60206,0
47761,0
30272,1
32118,0
49223,1
13183,1
7212,0
26215,0
16652,0
161,0
29224,0
33973,1
57959,0
44243,1
51074,1
19901,0
16178,0
44347,0
8656,0
26729,1
49096,1
29327,0
1979,0
59400,1
34502,1
58269,1
1135,0
59693,0
55226,1
26259,1
64445,0
6072,1
9594,1
19573,0
60605,1
62203,0
2990,0
24969,1
59227,1
63350,1
16474,1
46081,0
53901,0
6623,0
14982,1
41562,1
36148,1
42115,1
45621,0
5019,1
37274,0
35012,0
41422,0
11804,1
56858,1
47829,1
40104,1
28148,1
17511,1
32134,0
41218,1
33034,0
31367,0
16979,1
33739,0
46101,1
27189,0
47995,1
64596,0
52603,1
46910,1
55994,1
21104,1
53034,1
58217,0
2024,0
20672,1
58286,0
18092,1
1306,0
45264,1
37891,1
38641,0
16544,1
26316,1
45172,0
22239,1
10449,0
14438,0
56862,1
12183,0
27139,0
32421,0
22716,1
9596,1
21399,0
35573,0
13837,1
45348,0
7035,1
41549,1
58388,0
34284,1
42750,1
38212,1
34341,0
59519,1
3326,0
34264,1
64081,1
57595,1
61719,0
34165,1
48979,0
8739,1
54211,0
19970,1
32108,0
35790,1
64490,1
53714,1
7090,1
48557,1
205,0
13998,0
22727,0
6097,0
28359,0
48978,0
4489,1
35590,0
52685,1
38671,1
10842,1
31344,0
5229,1
2644,0
63903,1
31211,1
25598,1
56924,0
26320,0
9482,0
10987,0
30802,1
7587,0
42011,0
28154,0
18897,0
1380,1
42832,0
5996,0
1430,0
25864,0
10816,0
29636,1
8875,0
28534,0
26221,0
35403,0
6111,0
39857,1
32162,1
39247,1
14181,0
13947,0
11442,0
18661,1
35259,1
6562,1
60760,0
19176,1
60437,1
58740,1
51706,0
57594,0
27452,1
4939,0
17040,1
5104,0
53279,0
20825,0
16274,1
7603,0
57029,0
29623,1
30571,1
6958,1
62794,0
7884,0
24502,0
62390,1
621,1
7255,0
26575,1
2263,1
10722,1
36544,1
22563,1
61571,0
49880,1
1862,1
11394,1
21592,1
22173,1
64224,1
54627,1
43428,0
32274,1
11971,0
3246,0
25255,0
8060,1
14727,0
34094,1
60135,0
47921,1
44217,1
4251,0
57515,1
52519,0
2220,0
10341,0
15277,0
9370,0
51050,0
63656,0
21024,1
56952,0
31636,1
44866,0
44209,1
14271,0
17349,1
9626,1
61448,0
3251,0
25158,0
59358,1
26346,0
25412,0
44614,0
48691,1
3345,1
23768,1
2377,0
40622,1
13670,1
42269,0
12628,0
61540,1
45785,0
46922,1
36968,1
11643,1
50105,0
24223,1
36546,1
25270,1
4125,0
29546,1
38083,0
63461,1
33491,1
58169,1
31344,1
26469,0
49448,1
56306,1
22471,0
4366,0
42824,0
64711,0
42954,0
10480,1
49669,0
4447,1
15147,1
55478,0
44190,1
25160,0
17843,1
15449,0
50349,0
58278,1
58882,1
44649,0
12826,0
30934,1
21972,0
41467,0
21813,0
34728,0
54047,0
7574,0
56046,1
11787,0
897,1
35407,0
33393,1
58016,1
37621,0
46338,0
33070,0
63863,0
23204,1
57041,0
37226,1
17582,1
25827,0
63439,1
45228,1
28051,0
4773,1
52733,1
61878,0
27753,0
36949,0
59689,1
55781,1
38756,1
42338,1
44575,1
718,0
18138,0
27643,1
40459,1
31096,1
17736,1
63487,0
39347,0
27716,1
63215,0
7495,0
51456,1
2808,1
16680,0
40756,1
41594,0
64406,1
18677,1
33618,1
46343,1
38716,0
1067,0
63502,1
20284,0
60081,0
17332,1
57571,1
51545,0
49247,0
24149,1
43270,1
4904,1
18342,1
31384,1
44571,0
59495,1
49572,0
11228,1
32218,0
5004,1
41192,1
55348,1
7674,1
42361,1
25505,1
21296,1
31706,0
15912,1
18241,1
38954,0
21707,0
22499,0
23768,0
60154,1
28184,0
34464,1
48517,0
42624,1
30048,0
35175,1
27177,1
24078,1
6144,0
56122,0
18993,0
47386,0
30101,1
1162,0
38796,1
31421,1
4508,1
60445,1
55548,0
46159,0
28376,0
38898,0
62104,0
17626,1
46059,0
58342,1
39151,0
10340,1
28353,0
43785,1
39964,1
38642,0
63723,0
12058,0
21631,0
40078,0
48376,1
6307,1
53277,1
12666,1
64077,0
34693,1
12222,0
34877,1
39986,1
42454,1
52306,1
13669,0
13498,1
46907,0
17907,1
27249,0
13462,1
63231,0
21177,0
31630,0
45320,1
45303,0
12663,0
11849,1
36199,1
55487,1
17241,0
35546,1
58590,0
58667,1
15951,0
13473,1
11433,1
29552,1
20725,1
27202,1
15936,0
40099,1
61154,1
64514,0
23177,1
30603,0
26894,0
61617,1
9254,0
34787,1
32766,1
56708,0
21117,0
33631,0
10334,1
41043,1
52094,0
54137,0
3162,0
1902,1
43661,0
57884,1
65122,1
19355,0
64748,0
42405,1
10040,0
61691,0
26587,1
4470,1
7871,0
62705,1
10553,0
48893,0
9387,1
62212,1
7562,0
43912,1
8093,0
8476,0
40166,1
64899,1
3998,0
48630,1
12502,0
44672,1
11841,0
30571,0
7266,0
54418,1
11285,0
32787,0
7209,1
6054,0
8237,1
42053,0
851,0
43592,1
53281,0
8582,0
44163,1
38559,0
30845,1
44739,0
4619,1
10847,1
46904,0
44220,0
50058,0
13789,0
60390,0
61420,1
36579,0
62188,1
47335,1
45031,0
57659,1
28999,0
9172,0
8297,1
44412,0
38409,1
62966,1
1624,0
43590,1
37530,1
48607,1
40053,0
52987,1
531,1
21397,1
38212,0
13978,1
19398,0
50712,1
32563,0
40138,0
32493,0
47817,0
7815,0
612,1
5102,0
38922,1
23182,1
22883,1
42160,1
25291,1
7881,1
31988,0
61987,1
2358,1
35591,1
18434,1
12580,1
51350,0
30216,0
31570,1
57437,0
25082,1
49518,0
9581,1
15773,0
65360,1
57588,0
54620,1
2901,0
54288,0
17681,1
34074,1
23548,0
47820,0
23140,1
25360,0
9098,0
19913,0
32080,1
47486,0
8839,1
21988,1
1843,1
59157,0
62286,1
52552,1
37256,0
63099,1
60244,0
47365,0
59522,1
44877,1
39215,1
45276,0
28610,0
4905,0
10465,0
21796,0
45729,1
10872,1
55585,1
33570,0
13546,0
65316,0
14193,0
40520,1
2621,0
64786,0
45572,1
32519,0
12562,1
19843,1
32920,0
57111,1
64495,0
33751,1
18245,0
12267,1
16608,0
7398,1
17899,0
20859,1
20274,1
46159,0
27560,1
21647,1
35585,0
33116,0
3175,1
57227,0
39034,0
45114,0
33010,0
56010,1
42259,1
19754,1
63477,1
48712,1
23715,0
58859,1
28027,1
54411,0
11252,0
20391,0
26329,1
19642,0
54664,0
5051,0
25951,0
42986,1
32492,0
36241,1
49889,0
64784,0
23146,1
24164,1
7149,0
21026,0
17684,0
62364,1
62662,1
24568,1
55705,1
21335,0
51368,1
44618,1
29665,0
48524,1
24745,0
4182,1
3634,1
50098,0
63435,0
21061,0
46267,0
882,1
49643,1
49678,1
12106,1
17075,1
2225,0
53880,0
45026,1
842,1
58477,0
17081,1
35473,1
58575,1
5675,0
44938,1
63177,0
57156,1
35620,1
50580,1
53502,1
9891,0
11099,0
36954,0
489,0
9276,1
9925,1
3774,0
20001,1
55824,0
58638,0
8097,1
24301,1
61661,0
27497,1
14457,1
57539,1
44869,1
29759,1
59007,0
4512,1
24366,1
33292,0
65342,1
20844,0
21643,0
59537,1
10271,1
10982,0
65065,1
47785,1
34660,0
19960,0
2072,1
38174,0
24713,1
28625,1
62689,1
56943,0
14414,0
21100,1
60230,1
61566,1
59898,0
8222,0
49536,1
12169,1
20858,0
62433,0
22100,0
46048,1
1617,0
33755,0
54697,0
7510,1
14552,1
21076,0
11627,0
48598,0
21588,0
42437,0
37263,1
9336,1
42599,1
14547,1
61538,1
26738,1
42463,1
35715,0
15432,0
52831,1
47205,0
13287,1
10925,0
53784,1
19420,1
7733,0
41254,1
9450,0
60658,0
4221,1
24117,1
9269,0
19154,0
32037,1
31094,0
50457,0
64720,1
43643,0
48463,1
32085,0
33156,0
27024,1
39341,0
35343,0
13399,1
25697,0
61942,1
51091,1
42704,0
51409,1
25001,0
37443,0
33513,1
14669,0
27650,0
3826,0
38441,0
45689,1
63632,0
24019,0
45672,1
63862,0
17839,0
45736,1
35606,0
54505,0
14340,0
35081,1
40356,0
59496,0
18609,0
62880,1
60555,0
44312,0
57249,1
28353,0
12389,0
62871,1
17755,0
10220,0
15569,0
65278,1
20195,1
17055,0
51869,1
15776,1
63264,0
40271,1
3044,1
54025,1
58941,0
20678,1
51399,0
27423,1
42013,1
55960,1
12450,0
15242,1
7585,0
5908,0
39853,0
10691,0
32132,1
15419,0
13128,1
5129,1
58012,0
62558,0
23158,0
62871,0
387,0
43524,1
35785,1
57280,0
26867,1
52980,0
20748,1
27574,0
23924,0
27307,1
48766,1
24550,1
46527,0
56922,1
2397,1
52553,1
9683,0
3476,0
24326,1
51299,1
5133,1
22260,1
37906,0
35005,1
38554,0
36639,1
17931,1
63112,1
28489,1
63573,0
7946,0
52993,0
55551,0
44321,1
19794,0
5634,0
23580,1
27486,0
15911,0
14309,0
33159,1
48456,1
25290,0
56247,0
21517,0
53749,0
15663,1
42462,1
39851,1
34517,1
33268,0
26610,0
51784,1
29125,1
25981,1
7824,0
3644,1
24799,0
10680,1
54711,1
39119,0
65093,1
46731,1
12247,1
48221,0
42391,1
44495,0
37774,1
41223,0
10219,0
16862,1
8095,0
7003,0
12272,1
21677,1
16250,1
50943,1
4506,1
7167,0
4784,0
26855,1
41993,0
57399,0
9393,0
35651,0
14214,0
12128,0
62283,1
37563,0
25710,0
28959,0
12369,0
1324,0
35395,1
60996,0
44613,0
35050,0
14447,0
9926,0
55137,1
45872,1
47089,0
21415,0
56564,1
25417,0
28481,0
19079,1
55796,0
57533,0
59333,1
42463,1
399,0
16593,1
51843,1
41028,0
62301,1
1197,0
55718,0
43615,0
40711,0
57157,1
64408,1
61580,1
7146,0
29874,1
53418,0
16799,0
60928,1
44878,0
14339,1
53475,1
11578,0
42847,0
60128,1
36589,0
1471,1
54026,1
57615,0
16979,1
49784,0
41983,0
32017,1
2492,1
53304,0
65161,1
14001,1
53527,1
24359,1
7861,1
42577,0
15557,1
25007,0
33297,0
32909,1
